"","platform","seed","delta.target","metric","eps.final","Npar","time.warmup","time.total","minESS","medianESS","Nsims","minESS.coda","Rhat.min","Rhat.max","Rhat.median","efficiency","model","cor"
"1","stan",1,0.8,"diag",1.39336559236607,2,0.04,0.056,465.678771431631,924.966144285741,1000,453.998674071083,0.999065765423546,1.00039445910346,1.00001562118611,8315.69234699342,"mvnd",0
"2","tmb",1,0.8,"diag",1.22513897251543,2,0.687031030654907,1.24043703079224,415.520858096728,793.718788558597,1000,370.965990046136,0.999171678053641,1.00802724988444,1.0025258247161,334.979404663005,"mvnd",0
"3","admb",1,0.8,"diag",1.42479,2,NA,0.359999999999999,531.483848612454,1000,1000,560.935182289228,1.00146757211153,1.00400469883431,1.00245016645508,1476.34402392349,"mvnd",0
"4","stan",2,0.8,"diag",1.22318584427948,2,0.036,0.051,466.195388678181,997.368400554304,1000,454.394693906619,0.99900134576167,0.99916704776362,0.999005483769394,9141.08605251336,"mvnd",0
"5","tmb",2,0.8,"diag",1.2529113968908,2,0.614800930023193,1.14914083480835,363.167538976509,1000,1000,342.01947368794,0.999002849182917,0.999815155685314,0.999247305476823,316.033969010488,"mvnd",0
"6","admb",2,0.8,"diag",1.41381,2,NA,0.36999999999999,682.911978696214,1000,1000,660.572471763959,0.999001687626555,1.00007971456068,0.99959424923109,1845.70805053036,"mvnd",0
"7","stan",3,0.8,"diag",1.31516498487037,2,0.046,0.062,439.953055877499,908.275025421401,1000,436.564310097299,0.999013857461892,0.999075995768582,0.999026986450494,7096.01703028225,"mvnd",0
"8","tmb",3,0.8,"diag",1.22825111599349,2,0.612409830093384,1.14976787567139,366.612374490759,1000,1000,377.591831011111,0.999561701715027,1.00610921340427,1.00156557704496,318.857729675811,"mvnd",0
"9","admb",3,0.8,"diag",1.37282,2,NA,0.359999999999999,441.036248318208,1000,1000,614.501768107475,0.999122855823736,1.00107413846526,0.999617882535959,1225.1006897728,"mvnd",0
"10","stan",4,0.8,"diag",1.20121665025835,2,0.023,0.04,465.458051484305,1000,1000,476.091507902504,0.999004672736942,0.999919325061326,0.99961816296092,11636.4512871076,"mvnd",0
"11","tmb",4,0.8,"diag",1.23001832187221,2,0.787019968032837,1.31647396087646,430.709421571434,1000,1000,391.057742884231,0.999006604331083,1.00139409786491,0.999384596515321,327.168963740598,"mvnd",0
"12","admb",4,0.8,"diag",1.39934,2,NA,0.340000000000003,650.649945498883,1000,1000,711.47565994377,0.998999985275923,0.999475626054594,0.999340588951869,1913.67631029081,"mvnd",0
"13","stan",5,0.8,"diag",1.47663473435902,2,0.027,0.048,338.731979877385,637.517940497008,1000,401.672641918188,0.999909197372728,1.00161438215868,1.00027747909547,7056.91624744552,"mvnd",0
"14","tmb",5,0.8,"diag",1.19410535935237,2,0.604903936386108,1.14626502990723,393.140333264015,1000,1000,371.867747097091,0.999552116574893,1.0020026898966,1.00194865506279,342.975073832475,"mvnd",0
"15","admb",5,0.8,"diag",1.42756,2,NA,0.359999999999999,488.403459499596,1000,1000,497.009896277172,0.999326440316225,1.00859906518663,1.00020790949159,1356.67627638777,"mvnd",0
"16","stan",1,0.8,"diag",1.42051375683617,2,0.02,0.038,513.793280675808,901.372451282981,1000,501.756035571097,0.999050368895641,1.00030655599706,0.999073859712861,13520.8758072581,"mvnd",1
"17","tmb",1,0.8,"diag",1.19734441127577,2,0.608947992324829,1.18835091590881,416.264570926245,1000,1000,495.506491680838,0.999358633111896,0.999547224754877,0.999368203563089,350.287583704093,"mvnd",1
"18","admb",1,0.8,"diag",1.38029,2,NA,0.359999999999999,539.144793619039,1000,1000,561.978836455358,0.999003272039943,1.01082935249319,0.999940489541789,1497.62442671955,"mvnd",1
"19","stan",2,0.8,"diag",1.28942887013245,2,0.018,0.035,530.717269503303,1000,1000,496.64644236358,0.999142166306686,1.00494238449507,0.999502615063286,15163.3505572372,"mvnd",1
"20","tmb",2,0.8,"diag",1.20915802740813,2,0.599441051483154,1.13732218742371,419.528383057575,1000,1000,453.49540455631,0.999160469108192,1.00639863071004,1.00038007372993,368.873822824034,"mvnd",1
"21","admb",2,0.8,"diag",1.39388,2,NA,0.359999999999999,617.618336911687,1000,1000,601.65581506661,0.999011062057832,0.999552872878952,0.999443919088655,1715.60649142136,"mvnd",1
"22","stan",3,0.8,"diag",1.32986274254091,2,0.017,0.032,457.065455639585,799.647678419404,1000,452.471598906116,1.0008927900015,1.00799276375639,1.00314588784442,14283.295488737,"mvnd",1
"23","tmb",3,0.8,"diag",1.20083390114344,2,0.594897031784058,1.13525795936584,425.672879434891,842.515576783745,1000,411.548811906734,0.999037999953219,1.00801949999823,1.001160830658,374.956965439531,"mvnd",1
"24","admb",3,0.8,"diag",1.35466,2,NA,0.360000000000014,521.784111982016,1000,1000,568.261299588449,0.999026905514553,1.00130928687792,0.999689214774052,1449.4003110611,"mvnd",1
"25","stan",4,0.8,"diag",1.3269964222553,2,0.017,0.033,543.589765951105,789.339101060147,1000,506.667581296246,0.999122433600608,0.999518846594159,0.999435247479314,16472.4171500335,"mvnd",1
"26","tmb",4,0.8,"diag",1.22347749811575,2,0.615410804748535,1.13875985145569,501.330578205582,1000,1000,456.787800530276,0.999003742802439,1.00032603203154,0.999581341640116,440.24258281035,"mvnd",1
"27","admb",4,0.8,"diag",1.39808,2,NA,0.359999999999999,609.805786104235,1000,1000,602.566359913545,0.999013292945766,0.999472456397135,0.999028069247605,1693.90496140065,"mvnd",1
"28","stan",5,0.8,"diag",1.38775988366714,2,0.019,0.034,481.895776287455,941.245630958616,1000,451.180820334081,1.00026891589754,1.00240141866194,1.00066472798986,14173.4051849252,"mvnd",1
"29","tmb",5,0.8,"diag",1.17913737013059,2,0.626644849777222,1.18451881408691,438.059431874241,1000,1000,418.085773746945,0.999041080201255,0.999718854946109,0.999135549151757,369.820577490716,"mvnd",1
"30","admb",5,0.8,"diag",1.37617,2,NA,0.370000000000005,546.797522123448,1000,1000,538.145986418273,0.999187547138931,1.00093325630965,0.999431059161393,1477.83114087417,"mvnd",1
"31","stan",1,0.8,"diag",1.25111985612735,4,0.053,0.071,310.555344413445,1000,1000,402.519259412835,0.998999520732563,1.00122181416421,0.999985505183594,4374.01893540064,"mvnd",0
"32","tmb",1,0.8,"diag",1.06996359164724,4,0.758074998855591,1.3559730052948,289.201633858017,1000,1000,330.317434782053,0.999005979016113,1.00143427461049,0.999432379349757,213.279787081854,"mvnd",0
"33","admb",1,0.8,"diag",1.26875,4,NA,0.390000000000001,461.012099274897,1000,1000,533.680320129014,0.999083243515894,0.999640660149494,0.999395229900707,1182.08230583307,"mvnd",0
"34","stan",2,0.8,"diag",1.25042449854763,4,0.057,0.074,390.28025487088,1000,1000,380.102432196071,0.999003516912973,1.00605325489884,0.999230087735537,5274.05749825513,"mvnd",0
"35","tmb",2,0.8,"diag",1.09337872029067,4,0.780519962310791,1.36891293525696,334.231942962129,1000,1000,345.770740591312,0.999005436942822,0.999620549964537,0.999094827474193,244.158656371664,"mvnd",0
"36","admb",2,0.8,"diag",1.22233,4,NA,0.390000000000001,561.701655396083,1000,1000,592.853263149698,0.999020586774444,1.00186732758762,0.999288094472155,1440.26065486175,"mvnd",0
"37","stan",3,0.8,"diag",1.15065891485,4,0.033,0.051,501.343374627258,1000,1000,457.775305795047,0.999050398279382,1.00047041913981,0.999281955610592,9830.2622475933,"mvnd",0
"38","tmb",3,0.8,"diag",1.0564275691866,4,0.800611972808838,1.39701008796692,289.540947074053,1000,1000,283.050030865314,0.999250742807642,1.00050741470751,0.999284348198064,207.257592173457,"mvnd",0
"39","admb",3,0.8,"diag",1.24961,4,NA,0.390000000000001,432.95082204036,1000,1000,415.382698138853,0.999000057712651,1.0015012269852,0.999002422825517,1110.130312924,"mvnd",0
"40","stan",4,0.8,"diag",1.15252718610588,4,0.061,0.08,430.397712061566,1000,1000,467.599953131512,0.999152512809487,1.00185608392106,1.00017038383453,5379.97140076958,"mvnd",0
"41","tmb",4,0.8,"diag",1.09511009919257,4,0.746498107910156,1.3504011631012,353.159188732284,1000,1000,325.916462745402,0.999021381184649,1.00251826088388,0.999273627096567,261.521685838343,"mvnd",0
"42","admb",4,0.8,"diag",1.21961,4,NA,0.409999999999997,474.480418243487,1000,1000,552.730907312013,0.999032910547326,0.999315974769835,0.999121266161533,1157.269312789,"mvnd",0
"43","stan",5,0.8,"diag",1.03859701719846,4,0.029,0.048,475.114153846764,1000,1000,589.861677583454,0.999002030551492,1.00000416615498,0.999494785715681,9898.21153847425,"mvnd",0
"44","tmb",5,0.8,"diag",1.03799415654822,4,0.773518085479736,1.37395596504211,344.399571854115,1000,1000,318.505466970224,0.999001757284642,0.999923102283296,0.999172817319542,250.662743651729,"mvnd",0
"45","admb",5,0.8,"diag",1.25767,4,NA,0.390000000000001,545.402104937404,1000,1000,525.717512581788,0.999000018519909,0.999414646658076,0.999246750614105,1398.46693573693,"mvnd",0
"46","stan",1,0.8,"diag",1.09863002668899,4,0.025,0.044,493.652062882451,1000,1000,863.589930524693,0.999064309848409,1.00037984698523,0.999348916431596,11219.3650655103,"mvnd",1
"47","tmb",1,0.8,"diag",1.05716082622537,4,0.763010025024414,1.36841297149658,324.192475983948,1000,1000,268.047493160291,0.999003644927305,0.999508822565771,0.999181201585053,236.911285362482,"mvnd",1
"48","admb",1,0.8,"diag",1.12245,4,NA,0.390000000000001,476.188122269771,1000,1000,527.023352115785,0.999039917709442,1.00097288444819,0.999369781061341,1220.9951853071,"mvnd",1
"49","stan",2,0.8,"diag",0.941283378916026,4,0.023,0.044,418.718092003887,1000,1000,531.53242749742,0.999063110169414,1.00181311525096,1.00068792100985,9516.32027281562,"mvnd",1
"50","tmb",2,0.8,"diag",1.01841193735126,4,0.78402304649353,1.40743803977966,404.884670930329,1000,1000,362.414653365767,0.999000034837989,1.00110176498748,0.999056749464607,287.674952279757,"mvnd",1
"51","admb",2,0.8,"diag",1.13567,4,NA,0.400000000000006,641.546099528827,1000,1000,593.280919855211,0.999015184896017,1.00007721522174,0.999380516234253,1603.86524882204,"mvnd",1
"52","stan",3,0.8,"diag",1.23228102944511,4,0.023,0.041,466.796383733358,1000,1000,412.470091860801,0.999261112174302,0.999663283605187,0.999329822167148,11385.2776520331,"mvnd",1
"53","tmb",3,0.8,"diag",1.01632284237566,4,0.765511035919189,1.38942718505859,317.131078767653,1000,1000,324.377598022624,0.999003106693849,0.99974338298861,0.999035087295862,228.245914703533,"mvnd",1
"54","admb",3,0.8,"diag",1.15939,4,NA,0.390000000000001,597.420293961159,1000,1000,592.904887819401,0.999125767718123,1.00198688791474,0.999211116985178,1531.84690759271,"mvnd",1
"55","stan",4,0.8,"diag",0.995969998795166,4,0.025,0.045,555.790116597851,1000,1000,546.468554800229,0.999190144542672,1.00328825409109,0.999477423383947,12350.8914799522,"mvnd",1
"56","tmb",4,0.8,"diag",0.997006215202214,4,0.762143135070801,1.41157603263855,368.838069007783,1000,1000,357.596319522272,0.999003709335195,1.00015110027105,0.999370021966709,261.295219300615,"mvnd",1
"57","admb",4,0.8,"diag",1.13473,4,NA,0.409999999999997,596.659540661204,1000,1000,604.598697515202,0.999003881124474,0.999795271057491,0.999196288978775,1455.26717234441,"mvnd",1
"58","stan",5,0.8,"diag",1.06769109967463,4,0.026,0.044,414.003978676976,1000,1000,462.428309971281,0.998999698329312,1.00065500218384,0.99912986905211,9409.18133356763,"mvnd",1
"59","tmb",5,0.8,"diag",1.01912494485475,4,0.915144920349121,1.53605890274048,322.931227263927,1000,1000,351.728527532144,0.999000410022424,1.00217970095184,0.999317624006215,210.233622348587,"mvnd",1
"60","admb",5,0.8,"diag",1.09565,4,NA,0.420000000000002,549.810065493942,1000,1000,562.781322656338,0.999012923164692,1.00424645573224,0.999389772175936,1309.07158450938,"mvnd",1
"61","stan",1,0.8,"diag",0.966631244193016,8,0.066,0.096,528.274792734206,1000,1000,521.537456469554,0.999009412468994,1.00207516004611,0.999390434429817,5502.86242431465,"mvnd",0
"62","tmb",1,0.8,"diag",0.908090130283654,8,1.10081100463867,2.33363604545593,432.852128040827,1000,1000,388.188802442107,0.999041400360281,0.999503430714019,0.999248120798212,185.483991337758,"mvnd",0
"63","admb",1,0.8,"diag",1.10775,8,NA,0.5,491.744976406536,1000,1000,683.185100695077,0.999002419559714,1.00076162281504,0.999043134516162,983.489952813071,"mvnd",0
"64","stan",2,0.8,"diag",0.986898664837336,8,0.045,0.068,440.099596607198,1000,1000,452.760135792805,0.99901227404203,1.00313448495392,0.99922240262672,6472.05289128233,"mvnd",0
"65","tmb",2,0.8,"diag",0.974480603071652,8,1.10523700714111,1.93178915977478,244.408395545816,1000,1000,265.506872711472,0.999006495028608,1.00700708212071,0.999559561047339,126.519187826021,"mvnd",0
"66","admb",2,0.8,"diag",1.05356,8,NA,0.47999999999999,413.881011694278,1000,1000,511.143540815556,0.999005439632453,0.999289171692371,0.999033455280764,862.25210769643,"mvnd",0
"67","stan",3,0.8,"diag",0.925660356069799,8,0.041,0.07,501.250938336779,1000,1000,544.426538923585,0.999000111666963,1.00200257022195,0.999300897343448,7160.72769052541,"mvnd",0
"68","tmb",3,0.8,"diag",0.969856692955462,8,1.02968692779541,1.75517201423645,267.206044742616,1000,1000,269.610763045672,0.999029656109918,1.00391689942895,0.999595295913584,152.239235001054,"mvnd",0
"69","admb",3,0.8,"diag",1.07389,8,NA,0.510000000000005,666.147736014306,1000,1000,691.757967400984,0.999013102656452,1.00225960225857,0.999188307052147,1306.17203140059,"mvnd",0
"70","stan",4,0.8,"diag",1.0102048132436,8,0.064,0.085,475.967894075568,1000,1000,380.748775314928,0.998999552619361,1.001292562206,0.999688097017276,5599.62228324197,"mvnd",0
"71","tmb",4,0.8,"diag",0.928924510160377,8,1.34689998626709,2.27901983261108,344.618043854744,1000,1000,314.248782134039,0.999008592116816,1.00177669713889,0.99912131549655,151.213271128015,"mvnd",0
"72","admb",4,0.8,"diag",1.11746,8,NA,0.510000000000005,489.914753598152,1000,1000,582.767139329153,0.999007028601117,1.00328336291206,0.999350004795355,960.617163917936,"mvnd",0
"73","stan",5,0.8,"diag",0.873626949385137,8,0.087,0.13,533.415714038922,1000,1000,510.33122235054,0.999000080875522,1.00183090896157,0.999391432292261,4103.1978002994,"mvnd",0
"74","tmb",5,0.8,"diag",0.899273165962298,8,1.04369497299194,2.22548484802246,423.398578806204,1000,1000,486.877137402855,0.999003633371519,1.00059525324977,0.999674463503005,190.250038854424,"mvnd",0
"75","admb",5,0.8,"diag",1.14563,8,NA,0.5,429.949621367357,1000,1000,502.257787347974,0.998999609165811,1.00272122675314,0.999255714265822,859.899242734714,"mvnd",0
"76","stan",1,0.8,"diag",0.793279254406182,8,0.038,0.083,531.736169109069,1000,1000,510.100236300271,0.999065228629605,1.00516412822295,0.999564093346222,6406.45986878397,"mvnd",1
"77","tmb",1,0.8,"diag",0.854005062517004,8,0.99569296836853,1.96118211746216,349.221010828494,1000,1000,341.498196734015,0.999044410921116,1.00276492643701,0.999329360675993,178.066589389668,"mvnd",1
"78","admb",1,0.8,"diag",0.931665,8,NA,0.530000000000001,488.823876866947,1000,1000,490.711680832023,0.999001254175442,1.00412986510089,0.999311933753295,922.309201635747,"mvnd",1
"79","stan",2,0.8,"diag",0.731710703788301,8,0.037,0.085,546.169621620938,1000,1000,524.916875584042,0.998999705897413,1.00377886643382,0.999813319792413,6425.52496024633,"mvnd",1
"80","tmb",2,0.8,"diag",0.841355820919271,8,1.01117491722107,2.02086901664734,415.233737539543,1000,1000,403.931917318295,0.998999540394851,0.999860745079981,0.999259773670992,205.472860496631,"mvnd",1
"81","admb",2,0.8,"diag",0.961732,8,NA,0.52000000000001,447.429243071469,1000,1000,567.110980974225,0.999000267037189,1.00324479777205,0.999094934838461,860.4408520605,"mvnd",1
"82","stan",3,0.8,"diag",0.835202606131198,8,0.04,0.085,481.966324859987,1000,1000,499.017944559428,0.999004100369602,1.000943026211,0.999053085030016,5670.19205717631,"mvnd",1
"83","tmb",3,0.8,"diag",0.852954024808573,8,1.05590391159058,2.02404999732971,365.952144021342,1000,1000,354.174473129778,0.999027927335897,1.00125447586054,0.999469531905557,180.801929055179,"mvnd",1
"84","admb",3,0.8,"diag",0.912211,8,NA,0.560000000000002,542.048755186276,1000,1000,526.516312318374,0.999023364546775,1.00630197803449,0.999996731387658,967.944205689775,"mvnd",1
"85","stan",4,0.8,"diag",0.785246390802229,8,0.038,0.082,564.489330003741,1000,1000,577.794590236981,0.99906454610738,1.00620581151115,1.00025746734534,6884.01621955782,"mvnd",1
"86","tmb",4,0.8,"diag",0.844450624171204,8,1.03993391990662,2.0286660194397,328.545216208856,1000,1000,361.121413593911,0.998999665827062,1.00259498000703,0.999162319501916,161.951357720083,"mvnd",1
"87","admb",4,0.8,"diag",0.903889,8,NA,0.550000000000011,603.352587256681,1000,1000,603.907800594293,0.99906803552448,1.00027733808117,0.999435736618901,1097.00470410303,"mvnd",1
"88","stan",5,0.8,"diag",0.797551370234212,8,0.037,0.083,569.406132711009,1000,1000,550.484589454948,0.999021900611241,1.00141336750042,0.999198423926162,6860.31485193987,"mvnd",1
"89","tmb",5,0.8,"diag",0.844549262431564,8,1.03418898582458,2.01684498786926,352.532727839312,1000,1000,391.918547073855,0.998999560827358,1.00092985360144,0.99933449247682,174.794161157498,"mvnd",1
"90","admb",5,0.8,"diag",0.945718,8,NA,0.550000000000011,625.522932090529,1000,1000,672.852196749081,0.999001293597336,0.999662591458243,0.999164288819292,1137.31442198276,"mvnd",1
"91","stan",1,0.8,"diag",0.742420448908593,16,0.103,0.156,429.668899277117,1000,1000,427.312669614789,0.998999517142213,0.999881610223913,0.999167087809564,2754.28781587895,"mvnd",0
"92","tmb",1,0.8,"diag",0.800078883898539,16,1.2949800491333,2.4904260635376,260.095761394281,1000,1000,317.215710044726,0.999005046357006,1.00085962273153,0.999356978054525,104.43825865877,"mvnd",0
"93","admb",1,0.8,"diag",0.96575,16,NA,0.969999999999999,613.195157980439,1000,1000,564.708840952776,0.998999523306919,1.00119625007066,0.999279276771221,632.159956680866,"mvnd",0
"94","stan",2,0.8,"diag",0.7439907433122,16,0.11,0.167,309.659255467567,1000,1000,314.099320918339,0.999000620877023,1.00404025232667,0.99936781154682,1854.24703872795,"mvnd",0
"95","tmb",2,0.8,"diag",0.812968399182224,16,1.38097310066223,2.5547559261322,346.706780947384,1000,1000,345.414767517529,0.998999499619649,1.01914579697879,0.999431285825182,135.710334361484,"mvnd",0
"96","admb",2,0.8,"diag",0.953417,16,NA,1.19999999999999,575.220038127757,1000,1000,586.157749304476,0.999000338231146,1.00186892127108,0.99919579623538,479.350031773136,"mvnd",0
"97","stan",3,0.8,"diag",0.744379732007419,16,0.11,0.163,399.931278713537,1000,1000,399.911782714652,0.999002663107145,1.00466248205711,0.999387071411689,2453.56612707691,"mvnd",0
"98","tmb",3,0.8,"diag",0.816165012988683,16,1.41444492340088,2.57872104644775,341.938416833016,1000,1000,334.932070285234,0.998999511292603,1.00765080615408,0.999348544647841,132.600002355448,"mvnd",0
"99","admb",3,0.8,"diag",0.972149,16,NA,1.10999999999999,618.767628114686,1000,1000,602.450372709807,0.999002074050318,1.00047215621298,0.999112485589476,557.448313616842,"mvnd",0
"100","stan",4,0.8,"diag",0.839456388675364,16,0.19,0.328,496.361378500864,1000,1000,475.814588672612,0.999001659041983,1.00280108691684,0.999486092747429,1513.29688567337,"mvnd",0
"101","tmb",4,0.8,"diag",0.792262209592631,16,1.28235602378845,2.4871940612793,248.814834395786,1000,1000,261.164738578903,0.999002558358778,1.00372992524391,0.999170873141611,100.038367841634,"mvnd",0
"102","admb",4,0.8,"diag",1.00723,16,NA,0.960000000000008,546.962179138139,1000,1000,512.136319025018,0.99900514175071,1.00013547533218,0.999496726055789,569.752269935557,"mvnd",0
"103","stan",5,0.8,"diag",0.832211520328216,16,0.178,0.395,402.86365195859,999.24061825746,1000,449.229275288529,0.999000240715452,1.00194526706931,0.999141830502631,1019.907979642,"mvnd",0
"104","tmb",5,0.8,"diag",0.786825686558234,16,1.24092793464661,2.43775987625122,330.307943200368,1000,1000,362.293732993227,0.998999768297428,1.0026486425079,0.99925087997317,135.496504975016,"mvnd",0
"105","admb",5,0.8,"diag",0.939422,16,NA,1.01999999999998,556.474623098319,1000,1000,677.803879545607,0.998999860975205,1.00270565613596,0.999205177974477,545.563355978753,"mvnd",0
"106","stan",1,0.8,"diag",0.596850530811291,16,0.069,0.128,452.05992371049,1000,1000,421.720101646409,0.998999786142168,1.00319891941686,0.999426043934378,3531.7181539882,"mvnd",1
"107","tmb",1,0.8,"diag",0.615580153431565,16,1.41749000549316,2.81542205810547,281.896319086735,1000,1000,318.901095552701,0.998999659886589,1.00482022547771,0.999613087557607,100.12577626689,"mvnd",1
"108","admb",1,0.8,"diag",0.705224,16,NA,1.05999999999997,529.512417658918,1000,1000,536.69731104025,0.998999987181493,1.00114213966891,0.999508184334196,499.540016659369,"mvnd",1
"109","stan",2,0.8,"diag",0.598989746308359,16,0.073,0.136,275.003078409118,1000,1000,372.151483252739,0.999002823387735,1.01884161979753,0.999756969426186,2022.08145889058,"mvnd",1
"110","tmb",2,0.8,"diag",0.62695303782928,16,1.55653810501099,2.95897197723389,349.512196564428,1000,1000,362.360822171697,0.999000376761404,1.00251208592014,0.99930770039898,118.119468265854,"mvnd",1
"111","admb",2,0.8,"diag",0.720124,16,NA,1.03,565.666241481677,1000,1000,527.164128684691,0.998999614962738,1.00279481240188,0.999763607315205,549.190525710366,"mvnd",1
"112","stan",3,0.8,"diag",0.608922875124033,16,0.072,0.134,347.457550370578,1000,1000,341.041890867652,0.999012780492107,1.00307057210691,0.999331660252324,2592.96679381028,"mvnd",1
"113","tmb",3,0.8,"diag",0.649103646066802,16,1.4039568901062,2.75839996337891,330.667726301109,1000,1000,394.489044856153,0.998999657340765,1.00626230873249,0.999868409053464,119.876642506933,"mvnd",1
"114","admb",3,0.8,"diag",0.685476,16,NA,1.06,487.282669795185,1000,1000,479.540612183486,0.999000189813005,1.00042115305958,0.999284639494327,459.700631882249,"mvnd",1
"115","stan",4,0.8,"diag",0.534622218963125,16,0.075,0.138,483.386527855641,1000,1000,439.033002767758,0.999023009985363,1.00801053307431,0.999555652071514,3502.80092649015,"mvnd",1
"116","tmb",4,0.8,"diag",0.661439297877794,16,1.37741899490356,2.70230317115784,384.090440313044,1000,1000,358.137906061092,0.999001918670514,1.0021907768996,1.00020813838079,142.134474182064,"mvnd",1
"117","admb",4,0.8,"diag",0.696774,16,NA,1.05999999999997,540.617118268297,1000,1000,532.598988028404,0.998999722795238,1.00282047416783,0.999370991647788,510.016149309726,"mvnd",1
"118","stan",5,0.8,"diag",0.612699601797282,16,0.072,0.136,376.19104523633,1000,1000,405.092996076759,0.999076809734291,1.00094983195976,0.99945574453638,2766.11062673772,"mvnd",1
"119","tmb",5,0.8,"diag",0.641406984843743,16,1.39593195915222,2.78339982032776,317.053951961211,1000,1000,314.597927029242,0.999001340830543,1.00130226398707,0.999517997759087,113.908878503799,"mvnd",1
"120","admb",5,0.8,"diag",0.736116,16,NA,1.06,575.691653934983,1000,1000,605.868345718869,0.999000661620163,1.00216867201279,0.999429811449815,543.105333900926,"mvnd",1
"121","stan",1,0.8,"diag",0.645327405298182,32,0.37,0.47,320.263702185116,1000,1000,365.646777839132,0.998999508443139,1.0006482685083,0.999100244831876,681.412132308758,"mvnd",0
"122","tmb",1,0.8,"diag",0.674445667867865,32,2.39559698104858,3.86808013916016,261.000291484691,1000,1000,246.630819047512,0.999001125803886,1.00406720361354,0.999292049491142,67.4754095300001,"mvnd",0
"123","admb",1,0.8,"diag",0.859066,32,NA,3.90000000000001,530.290159889955,1000,1000,628.353036608955,0.998999860410742,1.0011663872309,0.99911944896041,135.971835869219,"mvnd",0
"124","stan",2,0.8,"diag",0.66452249353023,32,0.224,0.328,251.779478164853,1000,1000,361.120328465907,0.998999877152018,1.0017067190876,0.999142448123848,767.620360258699,"mvnd",0
"125","tmb",2,0.8,"diag",0.701442406994851,32,1.73732590675354,3.17892694473267,246.17741501193,1000,1000,228.889124833677,0.998999667385514,1.00160735764913,0.999306482321848,77.440412847434,"mvnd",0
"126","admb",2,0.8,"diag",0.845506,32,NA,2.88,553.154165719908,1000,1000,565.342158447579,0.99901235160686,1.00305156397881,0.999234484072155,192.067418652746,"mvnd",0
"127","stan",3,0.8,"diag",0.626183135652073,32,0.36,0.463,264.581517413367,1000,1000,338.674757416501,0.998999765477881,1.00132663843946,0.999192487962686,571.450361583946,"mvnd",0
"128","tmb",3,0.8,"diag",0.71448211201372,32,1.77972793579102,3.35189700126648,197.189537663207,1000,1000,201.332468086843,0.99899952010833,1.00085153885485,0.999165986506603,58.8292353818454,"mvnd",0
"129","admb",3,0.8,"diag",0.787937,32,NA,3.04000000000002,572.494512802251,1000,1000,562.20593700084,0.99899969705014,1.00032079384686,0.999296249951164,188.320563421792,"mvnd",0
"130","stan",4,0.8,"diag",0.651603397795871,32,0.307,0.413,297.788334046059,1000,1000,331.76158914972,0.999001255178337,1.00065757307767,0.999169738799463,721.037128440821,"mvnd",0
"131","tmb",4,0.8,"diag",0.685382554620347,32,1.84631490707397,3.30028581619263,229.702192181545,1000,1000,227.196095680969,0.998999521771558,1.01256809654701,0.999138868203836,69.6006967198195,"mvnd",0
"132","admb",4,0.8,"diag",0.821245,32,NA,2.63,504.641822839503,1000,1000,531.642804090251,0.998999548892253,1.01291949572979,0.99929279141732,191.879020091066,"mvnd",0
"133","stan",5,0.8,"diag",0.646818893502199,32,0.292,0.395,372.061644408846,1000,1000,362.419893782579,0.998999614830331,1.00085756572613,0.999141210232824,941.928213693281,"mvnd",0
"134","tmb",5,0.8,"diag",0.739293002045964,32,1.58314490318298,3.0261070728302,224.739431944662,1000,1000,220.305367233934,0.9989995933551,1.0033267912626,0.999153559654291,74.2668473176237,"mvnd",0
"135","admb",5,0.8,"diag",0.855785,32,NA,2.94,500.568836385603,1000,1000,483.049106961071,0.999000002038535,1.00162179249132,0.999409627705897,170.261508974695,"mvnd",0
"136","stan",1,0.8,"diag",0.328811527546673,32,0.233,0.45,370.271123813991,1000,1000,432.047646003656,0.999000004487073,1.00410544975225,0.999432319311877,822.824719586648,"mvnd",1
"137","tmb",1,0.8,"diag",0.372497602674873,32,3.32727909088135,6.66500496864319,325.46218325614,1000,1000,306.211152062208,0.998999611816834,1.00772590342358,0.9992370687265,48.831498969219,"mvnd",1
"138","admb",1,0.8,"diag",0.414648,32,NA,3.81,472.017000391071,1000,1000,478.66042843158,0.998999580990254,1.00515136562174,0.999649403713326,123.888976480596,"mvnd",1
"139","stan",2,0.8,"diag",0.31570297593901,32,0.24,0.467,435.06264644903,1000,1000,436.577996098481,0.999004219148627,1.00292687955536,0.999288742970739,931.611662631756,"mvnd",1
"140","tmb",2,0.8,"diag",0.382347071160525,32,3.31690287590027,6.51757192611694,314.947569040203,1000,1000,298.578591542342,0.999016009767777,1.00433840487479,0.99965972522051,48.3228374938462,"mvnd",1
"141","admb",2,0.8,"diag",0.410506,32,NA,3.85999999999999,608.804068193394,1000,1000,630.831481642478,0.998999530022257,1.00251809391568,0.999287596493667,157.721261189999,"mvnd",1
"142","stan",3,0.8,"diag",0.326291430054723,32,0.238,0.463,421.046809997474,1000,1000,392.458162927387,0.998999659203317,1.00208303424793,0.999346710574099,909.388358525861,"mvnd",1
"143","tmb",3,0.8,"diag",0.376371825660506,32,3.33022212982178,6.71652913093567,366.059165907284,1000,1000,455.306384251494,0.998999550770981,1.00310077216911,0.999709873442813,54.5012399665255,"mvnd",1
"144","admb",3,0.8,"diag",0.42383,32,NA,3.68000000000001,370.408950022956,1000,1000,529.488054436165,0.998999915121146,1.00563152328674,0.999677052534541,100.654605984499,"mvnd",1
"145","stan",4,0.8,"diag",0.316239215334197,32,0.241,0.468,381.201684138388,1000,1000,398.724894292574,0.999000683672902,1.00127855008563,0.999120388800349,814.533513116215,"mvnd",1
"146","tmb",4,0.8,"diag",0.374678592625901,32,3.20988512039185,6.53419017791748,306.177055123479,1000,1000,351.088671417175,0.998999776597143,1.00062255074942,0.999234256911558,46.8576895968249,"mvnd",1
"147","admb",4,0.8,"diag",0.39799,32,NA,3.93000000000001,627.662515719926,1000,1000,638.114345987107,0.999000580270265,1.00377239616202,0.999302981741804,159.710563796419,"mvnd",1
"148","stan",5,0.8,"diag",0.323208004763155,32,0.245,0.467,433.90969385098,1000,1000,506.797386032858,0.998999502920634,1.00175886301602,0.999286798051089,929.142813385395,"mvnd",1
"149","tmb",5,0.8,"diag",0.374669026558267,32,3.26621699333191,6.59249210357666,408.097088815945,1000,1000,360.861810995469,0.99899980785139,1.00295724985095,0.999214080018648,61.9033109792483,"mvnd",1
"150","admb",5,0.8,"diag",0.414142,32,NA,3.77999999999997,534.331792857978,1000,1000,524.002257722149,0.999012182674884,1.00197773015282,0.999403115444215,141.357617158196,"mvnd",1
"151","stan",1,0.8,"diag",0.527187587995271,64,1.667,1.966,369.310947194456,1000,1000,343.23597028443,0.998999541928183,1.00392024428683,0.999248051721699,187.848904981921,"mvnd",0
"152","tmb",1,0.8,"diag",0.60129098769207,64,2.54100489616394,4.42732501029968,163.34557846503,1000,1000,171.341411320043,0.998999504202429,1.00089983183905,0.999161209421588,36.8948694945648,"mvnd",0
"153","admb",1,0.8,"diag",0.744092,64,NA,10.47,675.931809117723,1000,1000,658.250906673809,0.998999519805857,1.00111610794299,0.999139110752884,64.5589120456277,"mvnd",0
"154","stan",2,0.8,"diag",0.56090253298581,64,1.247,1.543,361.235910013985,1000,1000,384.5612402744,0.999000470472267,1.00327801720183,0.999220152798421,234.112709017489,"mvnd",0
"155","tmb",2,0.8,"diag",0.611063059322169,64,4.47631692886353,6.52121210098267,142.333333346861,1000,1000,172.957175705305,0.998999607777434,1.00227701536817,0.999184519214935,21.8262082482202,"mvnd",0
"156","admb",2,0.8,"diag",0.696624,64,NA,9.84999999999997,533.140694695131,1000,1000,731.812874329518,0.998999662621835,1.00083325093091,0.999125709634318,54.1259588522977,"mvnd",0
"157","stan",3,0.8,"diag",0.538910418576619,64,1.342,1.646,384.675772099906,1000,1000,384.361562182065,0.998999978053427,1.00767455990642,0.9991365301411,233.703385236881,"mvnd",0
"158","tmb",3,0.8,"diag",0.586377039732394,64,4.06332898139954,5.9786069393158,204.031616720127,1000,1000,207.379596802804,0.998999798434415,1.00311773823082,0.999175997259185,34.1269494367323,"mvnd",0
"159","admb",3,0.8,"diag",0.76255,64,NA,9.13,514.496547658983,1000,1000,527.084670416244,0.998999603820047,1.0023182923752,0.999264655642295,56.352305329571,"mvnd",0
"160","stan",4,0.8,"diag",0.592913378995713,64,0.91,1.212,309.989138902293,1000,1000,299.897798206072,0.998999514464916,1.00192931485169,0.999128133143736,255.766616256018,"mvnd",0
"161","tmb",4,0.8,"diag",0.61037669141129,64,2.591961145401,4.46971321105957,219.858415701394,1000,1000,238.572069031883,0.998999580526775,1.0028191278551,0.999166660935648,49.1884837616405,"mvnd",0
"162","admb",4,0.8,"diag",0.741292,64,NA,8.94,491.318007360369,1000,1000,503.686560213392,0.999000444668753,1.00157835968918,0.999145036013797,54.9572715168198,"mvnd",0
"163","stan",5,0.8,"diag",0.524524105905378,64,1.538,1.835,206.029040998632,1000,1000,205.007419168445,0.999001779628118,1.00162048420219,0.99931094004162,112.277406538764,"mvnd",0
"164","tmb",5,0.8,"diag",0.584671327805219,64,2.82373714447021,4.68771314620972,285.140663493596,1000,1000,261.979258066636,0.99899967304388,1.00325851452399,0.999169350934901,60.8272423247888,"mvnd",0
"165","admb",5,0.8,"diag",0.761641,64,NA,10.44,392.733106625885,1000,1000,378.911131708391,0.998999788515181,1.00359420133001,0.999070098932596,37.6181136614832,"mvnd",0
"166","stan",1,0.8,"diag",0.012330651843547,64,16.252,36.031,351.105597577712,1000,1000,358.430729226203,0.998999811230088,1.0056580242842,0.999591631919601,9.74454213254453,"mvnd",1
"167","tmb",1,0.8,"diag",0.0166435833915014,64,142.165303945541,263.677989006042,285.019815704447,876.531072941004,1000,376.546165072773,0.998999511069344,1.00648503017344,0.999924771409544,1.0809389770411,"mvnd",1
"168","admb",1,0.8,"diag",0.0175491,64,NA,213.71,137.244995676008,289.901180163141,1000,129.001186133142,0.999001974504755,1.02337373665565,1.00285748662291,0.64220202927335,"mvnd",1
"169","stan",2,0.8,"diag",0.0157709922863503,64,16.068,29.505,437.208700360534,854.658484594086,1000,453.290989835682,0.998999771775459,1.01382477413913,0.999409138866781,14.8181223643631,"mvnd",1
"170","tmb",2,0.8,"diag",0.01687364852181,64,140.886864900589,260.455718040466,364.427346214159,886.157884189439,1000,406.344386151856,0.998999834697593,1.00244652627171,0.99925431616315,1.39919119056368,"mvnd",1
"171","admb",2,0.8,"diag",0.0178074,64,NA,209.33,191.186451605214,321.017273378396,1000,219.861408877789,0.998999543982115,1.01859308683634,1.00037795055552,0.913325617948763,"mvnd",1
"172","stan",3,0.8,"diag",0.0126337901661314,64,15.838,34.975,467.059251271405,1000,1000,487.542573009591,0.999007407100799,1.00773981004686,0.999821542935316,13.3540886710909,"mvnd",1
"173","tmb",3,0.8,"diag",0.0164817820247548,64,147.706104040146,271.007206916809,320.471905158224,810.239689161255,1000,297.59614378814,0.999001337499217,1.00283141040221,0.999595846904916,1.18252170783266,"mvnd",1
"174","admb",3,0.8,"diag",0.0172432,64,NA,219.73,179.890139695553,298.391875346978,1000,232.446582338547,0.998999652319369,1.01719088670087,1.00017237356397,0.818687205641255,"mvnd",1
"175","stan",4,0.8,"diag",0.0151181583775042,64,15.422,29.813,345.007240272865,772.119539985555,1000,381.993531031669,0.99900021092597,1.00445027703461,0.999396869217932,11.5723758183633,"mvnd",1
"176","tmb",4,0.8,"diag",0.0168155602554863,64,143.475520133972,261.683480024338,426.766650387667,1000,1000,400.475258452201,0.9989996115678,1.00411761120205,0.999255080960341,1.63085056170904,"mvnd",1
"177","admb",4,0.8,"diag",0.0175331,64,NA,214.87,187.703924648841,297.898294565972,1000,216.839197356949,0.998999499548426,1.0148196604869,0.999940923870489,0.873569714938528,"mvnd",1
"178","stan",5,0.8,"diag",0.0126626455316417,64,16.471,35.699,415.208240264638,1000,1000,418.512599414483,0.999000000569687,1.00322437047657,0.99930104758682,11.6308087135393,"mvnd",1
"179","tmb",5,0.8,"diag",0.0169239307458386,64,145.431681156158,258.797698974609,384.340946144837,871.860166900403,1000,392.879002243455,0.998999590646637,1.00593812945194,0.999563244087678,1.48510186785913,"mvnd",1
"180","admb",5,0.8,"diag",0.0177625,64,NA,208.95,150.012419012711,292.637685072226,1000,226.754910533099,0.999017889810394,1.02705782578759,1.00212926840733,0.717934525066815,"mvnd",1
