"","platform","seed","Npar","Nsims","delta.mean","delta.target","eps.final","max_treedepths","ndivergent","nsteps.mean","nsteps.median","nsteps.sd","metric","model"
"1","stan",59189,14,1000,0.920579154711544,0.9,0.0754629921779724,0,4,55.786,63,16.961836808197,"diag","growth"
"2","tmbstan",59189,14,1000,0.920449110440123,0.9,0.0642765751014325,0,4,60.227,63,16.9852279634089,"diag","growth"
"3","tmb",59189,14,1000,0.888949587331394,0.9,0.0842164886488035,0,6,47.781,63,17.4597790044113,"diag","growth"
"4","admb",59189,14,1000,0.888674459131397,0.9,0.0729126,0,3,55.592,63,14.7244811910758,"diag","growth"
"5","stan",33032,14,1000,0.944657954225464,0.9,0.0633192454434375,0,2,62.958,63,18.4609599707882,"diag","growth"
"6","tmbstan",33032,14,1000,0.874833155663808,0.9,0.0736263137737853,0,10,53.33,63,17.6526688270277,"diag","growth"
"7","tmb",33032,14,1000,0.686696545548075,0.9,0.0825217866994579,0,50,41.061,31,26.1095957454341,"diag","growth"
"8","admb",33032,14,1000,0.871818967429935,0.9,0.0814482,0,4,52.013,63,18.0266411400125,"diag","growth"
"9","stan",19139,14,1000,0.930347850566212,0.9,0.0696941383629528,0,3,59.104,63,17.787849549386,"diag","growth"
"10","tmbstan",19139,14,1000,0.830072312583849,0.9,0.104359151168885,0,18,39.58,31,17.4422427408815,"diag","growth"
"11","tmb",19139,14,1000,0.911450603602334,0.9,0.0733453083878308,0,1,56.266,63,15.9499104587971,"diag","growth"
"12","admb",19139,14,1000,0.913509677577238,0.9,0.0834801,0,5,53.733,63,21.4209843277467,"diag","growth"
"13","stan",78362,14,1000,0.93327830447952,0.9,0.0715117083387916,0,2,58.935,63,15.7674788215614,"diag","growth"
"14","tmbstan",78362,14,1000,0.941306866638449,0.9,0.0615060088013183,0,3,63.602,63,18.562385572931,"diag","growth"
"15","tmb",78362,14,1000,0.876687800959129,0.9,0.0773794748941401,0,6,51.549,63,17.8841673678828,"diag","growth"
"16","admb",78362,14,1000,0.815340532328755,0.9,0.088161,0,3,46.995,53,18.0005832126628,"diag","growth"
"17","stan",61413,14,1000,0.574471692907443,0.9,0.0718590422956039,0,270,36.334,31,28.6929909861578,"diag","growth"
"18","tmbstan",61413,14,1000,0.940607128525307,0.9,0.0612192582897477,0,4,64.227,63,22.7911146262289,"diag","growth"
"19","tmb",61413,14,1000,0.915541254702979,0.9,0.0730016779176911,0,3,56.861,63,14.5091762410964,"diag","growth"
"20","admb",61413,14,1000,0.702460260356174,0.9,0.0685339,0,15,51.706,63,20.1181585714077,"diag","growth"
"21","stan",72018,14,1000,0.899766526774758,0.9,0.0999146762285112,0,6,43.991,31,17.7407342760285,"diag","growth"
"22","tmbstan",72018,14,1000,0.952124078577558,0.9,0.0615682991086538,0,3,65.846,63,21.2179283740068,"diag","growth"
"23","tmb",72018,14,1000,0.845037875761543,0.9,0.089375258060567,0,11,44.751,31,18.8728159579375,"diag","growth"
"24","admb",72018,14,1000,0.877505457901026,0.9,0.0819376,0,4,52.698,63,17.4312548212871,"diag","growth"
"25","stan",66788,14,1000,0.903695068747471,0.9,0.076552610505693,0,6,53.944,63,23.4293789887782,"diag","growth"
"26","tmbstan",66788,14,1000,0.894476504432017,0.9,0.075537809780494,0,6,56.092,63,17.2576174879779,"diag","growth"
"27","tmb",66788,14,1000,0.390330866891756,0.9,0.0534513336578589,0,31,46.506,63,31.6767640610808,"diag","growth"
"28","admb",66788,14,1000,0.0126665774511096,0.9,0.0675027,0,436,2.851,3,4.09995226906468,"diag","growth"
"29","stan",19639,14,1000,0.966761144172388,0.9,0.0562694641939617,0,0,67.104,63,21.37208342558,"diag","growth"
"30","tmbstan",19639,14,1000,0.880430142659773,0.9,0.0880705888722251,0,4,49.153,63,18.8565946597513,"diag","growth"
"31","tmb",19639,14,1000,0.900714894166185,0.9,0.0813908643039326,0,3,52.068,63,17.0367728055412,"diag","growth"
"32","admb",19639,14,1000,0.75161799703742,0.9,0.0772999,0,23,47.681,63,21.1417173193478,"diag","growth"
"33","stan",68716,14,1000,0.951364715242433,0.9,0.0536080019610578,0,7,72.847,63,28.8489836017641,"diag","growth"
"34","tmbstan",68716,14,1000,0.948842538546606,0.9,0.0501151090200233,0,2,76.889,63,29.0253535749377,"diag","growth"
"35","tmb",68716,14,1000,0.929750895622319,0.9,0.0558717742302393,0,2,66.33,63,23.2471833031774,"diag","growth"
"36","admb",68716,14,1000,0.00813431829093366,0.9,0.0548891,0,481,2.539,3,8.0607353544484,"diag","growth"
"37","stan",34163,14,1000,0.928290461016139,0.9,0.0701998086968661,0,2,57.524,63,17.5654766508048,"diag","growth"
"38","tmbstan",34163,14,1000,0.923575649391724,0.9,0.0687244465647036,0,2,59.542,63,16.7649425677304,"diag","growth"
"39","tmb",34163,14,1000,0.861856217287986,0.9,0.0678537129097589,0,1,58.055,63,18.5246629696234,"diag","growth"
"40","admb",34163,14,1000,0.906468117676592,0.9,0.0756843,0,2,54.518,63,17.1492791036176,"diag","growth"
"41","stan",52953,14,1000,0.959442169252655,0.9,0.0547456440932611,0,2,70.733,63,24.4504301502966,"diag","growth"
"42","tmbstan",52953,14,1000,0.938912201650367,0.9,0.0629631332834771,0,2,60.646,63,15.4079228998619,"diag","growth"
"43","tmb",52953,14,1000,0.884475069763192,0.9,0.0606726248834445,0,4,60.106,63,17.6800267914771,"diag","growth"
"44","admb",52953,14,1000,0.826932759003984,0.9,0.0861116,0,6,45.445,31,17.726059578716,"diag","growth"
"45","stan",75834,14,1000,0.935591502827847,0.9,0.0677880537640085,0,4,59.79,63,15.9042398386356,"diag","growth"
"46","tmbstan",75834,14,1000,0.944554797938617,0.9,0.0592718277039623,0,4,62.786,63,18.689288201895,"diag","growth"
"47","tmb",75834,14,1000,0.908593123340478,0.9,0.0666875151574041,0,0,59.444,63,16.1180226657818,"diag","growth"
"48","admb",75834,14,1000,0.82852359408047,0.9,0.072326,0,1,54.42,63,15.4108109161424,"diag","growth"
"49","stan",23712,14,1000,0.971013790496314,0.9,0.0296971813177601,0,0,122.904,127,28.6648994496834,"diag","growth"
"50","tmbstan",23712,14,1000,0.924498206057131,0.9,0.0574352271010777,0,10,65.385,63,22.7986524503874,"diag","growth"
"51","tmb",23712,14,1000,0.934482126365069,0.9,0.0574963999309127,0,1,62.678,63,17.9717361236832,"diag","growth"
"52","admb",23712,14,1000,0.980250858,0.9,0.0324277,0,0,129.536,127,67.8824921223193,"diag","growth"
"53","stan",80542,14,1000,0.951801305355632,0.9,0.0620302094978222,0,7,67.107,63,33.578968091621,"diag","growth"
"54","tmbstan",80542,14,1000,0.921836227452099,0.9,0.0800453211645706,0,8,54.233,63,18.3890964941149,"diag","growth"
"55","tmb",80542,14,1000,0.827957288512188,0.9,0.0800266963787863,0,3,51.529,63,16.9929962314161,"diag","growth"
"56","admb",80542,14,1000,0.639523599770122,0.9,0.0691761,0,75,42.245,63,27.318735115087,"diag","growth"
"57","stan",38632,14,1000,0.919652140616887,0.9,0.0697458105700749,0,4,58.189,63,17.3188689648667,"diag","growth"
"58","tmbstan",38632,14,1000,0.946947045630342,0.9,0.0550671620412953,0,1,72.312,63,26.3749558159686,"diag","growth"
"59","tmb",38632,14,1000,0.91140924009337,0.9,0.0763001335813027,0,2,54.494,63,20.0369019921105,"diag","growth"
"60","admb",38632,14,1000,0.742567943186726,0.9,0.0719136,0,12,52.529,63,18.191649048261,"diag","growth"
"61","stan",47339,14,1000,0.939050504498719,0.9,0.0504400024640369,0,1,76.151,63,33.8907181951014,"diag","growth"
"62","tmbstan",47339,14,1000,0.941915618168843,0.9,0.0519778954457367,0,6,76.683,63,30.2045166129806,"diag","growth"
"63","tmb",47339,14,1000,0.897411260261488,0.9,0.0781938577607624,0,5,51.558,63,17.0387486323073,"diag","growth"
"64","admb",47339,14,1000,0.926478536614142,0.9,0.066634,0,2,58.706,63,15.2724199395777,"diag","growth"
"65","stan",54263,14,1000,0.924281364719436,0.9,0.0791274589975315,0,3,53.957,63,16.5590867608801,"diag","growth"
"66","tmbstan",54263,14,1000,0.903566737145969,0.9,0.076208545779999,0,4,54.841,63,18.9727088915284,"diag","growth"
"67","tmb",54263,14,1000,0.851009217442911,0.9,0.0760028124044028,0,5,52.586,63,16.8944377244709,"diag","growth"
"68","admb",54263,14,1000,0.886701036335461,0.9,0.0688991,0,5,56.752,63,15.3340676152686,"diag","growth"
"69","stan",15202,14,1000,0.892348619327838,0.9,0.0651510560720799,0,9,60.221,63,21.1517269875194,"diag","growth"
"70","tmbstan",15202,14,1000,0.884456491323242,0.9,0.0999208749613518,0,5,43.035,31,17.6707676978402,"diag","growth"
"71","tmb",15202,14,1000,0.916931068927353,0.9,0.0686912586851316,0,3,57.907,63,14.3180780259907,"diag","growth"
"72","admb",15202,14,1000,0.904605230056073,0.9,0.0808599,0,5,52.344,63,16.6126953155003,"diag","growth"
"73","stan",26482,14,1000,0.801537535494421,0.9,0.106129255108747,0,25,36.871,31,16.5628103196796,"diag","growth"
"74","tmbstan",26482,14,1000,0.469378075772245,0.9,0.07112635364859,0,359,31.599,31,30.3386986476948,"diag","growth"
"75","tmb",26482,14,1000,0.858844902049336,0.9,0.0684075372458775,0,3,56.247,63,14.2198521509612,"diag","growth"
"76","admb",26482,14,1000,0.9198416423069,0.9,0.0716418,0,4,56.642,63,17.2452089936084,"diag","growth"
"77","stan",32386,14,1000,0.961138271787528,0.9,0.0493275355991702,0,2,80.088,63,31.2149744614765,"diag","growth"
"78","tmbstan",32386,14,1000,0.882471502023192,0.9,0.0794476656777476,0,8,51.854,63,20.5382692675041,"diag","growth"
"79","tmb",32386,14,1000,0.85641696119082,0.9,0.0787708491570703,0,6,51.226,63,17.2269466735023,"diag","growth"
"80","admb",32386,14,1000,0.884624949880345,0.9,0.0796146,0,4,52.515,63,17.3353479713933,"diag","growth"
"81","stan",3049,14,1000,0.90138796096847,0.9,0.0824519072135187,0,4,55.49,63,17.8346285067554,"diag","growth"
"82","tmbstan",3049,14,1000,0.943021169766053,0.9,0.0545938057506962,0,0,70.938,63,26.0453165562355,"diag","growth"
"83","tmb",3049,14,1000,0.707032572742455,0.9,0.0829794808324294,0,74,41.178,41,24.295072886628,"diag","growth"
"84","admb",3049,14,1000,0.844187551233823,0.9,0.0804634,0,14,49.849,63,21.0193723268087,"diag","growth"
"85","stan",39615,14,1000,0.927920100890123,0.9,0.0699407843729277,0,4,59.932,63,19.1803352749961,"diag","growth"
"86","tmbstan",39615,14,1000,0.937837472022393,0.9,0.0496668166166463,0,11,85.33,63,43.3032593723876,"diag","growth"
"87","tmb",39615,14,1000,0.909180575802643,0.9,0.0717404967662856,0,1,56.372,63,15.3258114465922,"diag","growth"
"88","admb",39615,14,1000,0.876585464268993,0.9,0.0673491,0,5,57.404,63,17.0760761410921,"diag","growth"
"89","stan",44179,14,1000,0.972095229588727,0.9,0.0264414260075603,0,1,131.528,127,38.8249996342124,"diag","growth"
"90","tmbstan",44179,14,1000,0.714877568021309,0.9,0.0716176655123227,0,104,47.586,63,25.7109248308118,"diag","growth"
"91","tmb",44179,14,1000,0.911987834931317,0.9,0.074003017911901,0,1,57.947,63,24.3615614580978,"diag","growth"
"92","admb",44179,14,1000,0.905323929319494,0.9,0.0694831,0,4,55.897,63,15.9814203623081,"diag","growth"
"93","stan",74237,14,1000,0.872117287492036,0.9,0.0739682518642518,0,8,54.805,63,18.4740971976242,"diag","growth"
"94","tmbstan",74237,14,1000,0.969487329760518,0.9,0.0491758999530647,0,0,79.238,63,30.2056242401268,"diag","growth"
"95","tmb",74237,14,1000,0.938773784454419,0.9,0.0477387599002031,0,0,80.77,63,33.7572903926641,"diag","growth"
"96","admb",74237,14,1000,0.880026064597489,0.9,0.0768897,0,5,53.122,63,17.4182809861511,"diag","growth"
"97","stan",38655,14,1000,0.941734987457594,0.9,0.0555915688760813,0,1,65.688,63,20.776099304304,"diag","growth"
"98","tmbstan",38655,14,1000,0.915984899974552,0.9,0.0593031983889901,0,0,61.954,63,14.7732234848097,"diag","growth"
"99","tmb",38655,14,1000,0.767084339335704,0.9,0.0770555601564101,0,3,51.714,63,16.1352579945457,"diag","growth"
"100","admb",38655,14,1000,0.892023090883009,0.9,0.079885,0,7,52.319,63,18.0555598706394,"diag","growth"
"101","stan",48317,14,1000,0.926826432854494,0.9,0.0688785874878887,0,4,58.688,63,15.5972410999487,"diag","growth"
"102","tmbstan",48317,14,1000,0.944500582358683,0.9,0.0236191518364725,0,1,157.137,127,60.1390633277401,"diag","growth"
"103","tmb",48317,14,1000,0.90443485849498,0.9,0.0637900296368361,0,1,58.63,63,15.3468767710771,"diag","growth"
"104","admb",48317,14,1000,0.91010562148059,0.9,0.0636001,0,2,58.783,63,16.9408649101486,"diag","growth"
"105","stan",2154,14,1000,0.908216695892588,0.9,0.0753673007588661,0,9,58.661,63,25.4938819526767,"diag","growth"
"106","tmbstan",2154,14,1000,0.928852133825335,0.9,0.0616803586726149,0,2,62.898,63,17.7736180193425,"diag","growth"
"107","tmb",2154,14,1000,0.902526085164597,0.9,0.0754093699590377,0,1,53.644,63,16.3786912030701,"diag","growth"
"108","admb",2154,14,1000,0.864760490189893,0.9,0.0771207,0,3,53.813,63,16.290408478869,"diag","growth"
"109","stan",53332,14,1000,0.898364078846162,0.9,0.078716934918503,0,3,55.024,63,17.8437614819248,"diag","growth"
"110","tmbstan",53332,14,1000,0.866650386031245,0.9,0.100296174609026,0,7,41.834,31,16.62729415482,"diag","growth"
"111","tmb",53332,14,1000,0.915944111705113,0.9,0.077548946639782,0,3,52.936,63,16.9508476258633,"diag","growth"
"112","admb",53332,14,1000,0.891752863761483,0.9,0.0784394,0,1,53.227,63,18.5436063465642,"diag","growth"
"113","stan",53822,14,1000,0.939931252898276,0.9,0.0472927445323122,0,5,82.134,63,32.9526314566822,"diag","growth"
"114","tmbstan",53822,14,1000,0.900577392931872,0.9,0.0846238537747811,0,5,49.471,63,20.3213216872111,"diag","growth"
"115","tmb",53822,14,1000,0.891693945950301,0.9,0.0782114984120263,0,0,52.464,63,17.8026300764139,"diag","growth"
"116","admb",53822,14,1000,0.899381336292467,0.9,0.0685578,0,3,56.916,63,16.1999191782361,"diag","growth"
"117","stan",80057,14,1000,0.911062967003898,0.9,0.0857021722775502,0,4,50.978,63,17.4167982379329,"diag","growth"
"118","tmbstan",80057,14,1000,0.886826609562555,0.9,0.0824966527055207,0,9,52.501,63,20.1212042845815,"diag","growth"
"119","tmb",80057,14,1000,0.873717914358123,0.9,0.0768902323404188,0,2,55.564,63,21.6332591604201,"diag","growth"
"120","admb",80057,14,1000,0.983498,0.9,0.0228332,0,0,164.488,127,65.3811942117652,"diag","growth"
"121","stan",59189,22,1000,0.933541836519589,0.9,0.0859799311970955,0,0,54.44,63,17.6870356824209,"diag","growth"
"122","tmbstan",59189,22,1000,0.954370400274309,0.9,0.0681881124332774,0,0,62.808,63,14.1727909743989,"diag","growth"
"123","tmb",59189,22,1000,0.889765008730542,0.9,0.105063589134866,0,0,41.332,31,16.3745504335814,"diag","growth"
"124","admb",59189,22,1000,0.92163492385,0.9,0.091195,0,0,51.592,63,18.0126064185611,"diag","growth"
"125","stan",33032,22,1000,0.960139948445884,0.9,0.0700154475144199,0,0,63.192,63,15.6179081523441,"diag","growth"
"126","tmbstan",33032,22,1000,0.967613357538444,0.9,0.0650217080484819,0,0,64.488,63,15.0879256858424,"diag","growth"
"127","tmb",33032,22,1000,0.941442771603425,0.9,0.0809267967184229,0,0,55.928,63,14.4128604567777,"diag","growth"
"128","admb",33032,22,1000,0.893748892,0.9,0.101378,0,0,42.496,31,16.589792198976,"diag","growth"
"129","stan",19139,22,1000,0.959752261219225,0.9,0.0477421168677499,0,0,90.904,63,33.5422698675547,"diag","growth"
"130","tmbstan",19139,22,1000,0.935429886480002,0.9,0.0893753648428375,0,0,54.656,63,19.4303680665911,"diag","growth"
"131","tmb",19139,22,1000,0.920990561414392,0.9,0.0848754860182512,0,1,54.075,63,16.7698122112802,"diag","growth"
"132","admb",19139,22,1000,0.917166468,0.9,0.0909228,0,0,51.32,63,18.5105440287486,"diag","growth"
"133","stan",78362,22,1000,0.946278606997263,0.9,0.0802257389390587,0,0,58.704,63,14.8033618993634,"diag","growth"
"134","tmbstan",78362,22,1000,0.938410963861904,0.9,0.0846724160775113,0,0,57.128,63,16.745866356807,"diag","growth"
"135","tmb",78362,22,1000,0.898629776563946,0.9,0.0914687875713266,0,0,47.272,31,16.9466576411163,"diag","growth"
"136","admb",78362,22,1000,0.86277470299042,0.9,0.0936556,0,0,46.344,31,16.7229579118445,"diag","growth"
"137","stan",61413,22,1000,0.952656030092441,0.9,0.072097650068179,0,0,60.568,63,12.5527266737927,"diag","growth"
"138","tmbstan",61413,22,1000,0.946726977123779,0.9,0.0702925780609526,0,0,61.704,63,12.1116091034625,"diag","growth"
"139","tmb",61413,22,1000,0.917564128652168,0.9,0.0890984862081393,0,0,49.896,63,16.6686240292061,"diag","growth"
"140","admb",61413,22,1000,0.907312478904582,0.9,0.099449,0,0,47.148,31,17.7625900590428,"diag","growth"
"141","stan",72018,22,1000,0.962971901243085,0.9,0.0698543886783304,0,0,61.974,63,13.1607191493675,"diag","growth"
"142","tmbstan",72018,22,1000,0.947368947042728,0.9,0.0758764227925041,0,0,60.504,63,13.3325068812935,"diag","growth"
"143","tmb",72018,22,1000,0.918900704785149,0.9,0.0870551351381272,0,0,52.92,63,16.8890153306473,"diag","growth"
"144","admb",72018,22,1000,0.922252614000002,0.9,0.0885171,0,0,49.682,63,17.0114157042929,"diag","growth"
"145","stan",66788,22,1000,0.954390275811779,0.9,0.0738661754865088,0,0,60.968,63,16.0629073642661,"diag","growth"
"146","tmbstan",66788,22,1000,0.968699540898598,0.9,0.0647527073527261,0,0,65.208,63,17.5428757188919,"diag","growth"
"147","tmb",66788,22,1000,0.898899044298962,0.9,0.0986832244948031,0,0,44.776,31,17.3867801540171,"diag","growth"
"148","admb",66788,22,1000,0.9176716655,0.9,0.0930702,0,0,49.16,63,18.2011450651238,"diag","growth"
"149","stan",19639,22,1000,0.952244619482182,0.9,0.0736900435384032,0,0,60.04,63,15.3274045203136,"diag","growth"
"150","tmbstan",19639,22,1000,0.958134310878593,0.9,0.0744959372568082,0,0,60.392,63,13.2628141145927,"diag","growth"
"151","tmb",19639,22,1000,0.932622094863119,0.9,0.0889488312364498,0,0,53.448,63,18.5623235575683,"diag","growth"
"152","admb",19639,22,1000,0.914383712105,0.9,0.0987152,0,0,45.048,31,17.4708593642936,"diag","growth"
"153","stan",68716,22,1000,0.946760736172494,0.9,0.073692078951178,0,0,60.016,63,13.1076907026202,"diag","growth"
"154","tmbstan",68716,22,1000,0.931757192681725,0.9,0.0888346086326897,0,0,53.432,63,17.669793366013,"diag","growth"
"155","tmb",68716,22,1000,0.923686986301184,0.9,0.0906316662170583,0,0,49.816,63,17.2338954143035,"diag","growth"
"156","admb",68716,22,1000,0.8906953853,0.9,0.0967008,0,1,45.552,31,17.9336809638432,"diag","growth"
"157","stan",34163,22,1000,0.911592643513956,0.9,0.0970799140990904,0,0,49.424,63,19.3047376800851,"diag","growth"
"158","tmbstan",34163,22,1000,0.95217324835669,0.9,0.0745313333268743,0,0,59.592,63,15.064809473886,"diag","growth"
"159","tmb",34163,22,1000,0.887556255888455,0.9,0.100749807621578,0,0,43.52,31,16.8574545460984,"diag","growth"
"160","admb",34163,22,1000,0.92427806579,0.9,0.079771,0,0,56.32,63,14.7755174500224,"diag","growth"
"161","stan",52953,22,1000,0.975738248115686,0.9,0.0527609622491319,0,0,80.12,63,29.8071479022409,"diag","growth"
"162","tmbstan",52953,22,1000,0.967004647155787,0.9,0.066016800724343,0,0,64.408,63,14.2665016408743,"diag","growth"
"163","tmb",52953,22,1000,0.913174216325023,0.9,0.0944022266494719,0,0,49.096,63,17.79582747375,"diag","growth"
"164","admb",52953,22,1000,0.884370462190673,0.9,0.0976669,0,0,45.096,31,16.3001987865327,"diag","growth"
"165","stan",75834,22,1000,0.94937827957239,0.9,0.0701715024467546,0,0,61.992,63,14.3985851824148,"diag","growth"
"166","tmbstan",75834,22,1000,0.956843116826765,0.9,0.0699952612156302,0,0,61.88,63,12.7773573504407,"diag","growth"
"167","tmb",75834,22,1000,0.908408656080497,0.9,0.0921494506836562,0,0,48.024,63,17.8109138634898,"diag","growth"
"168","admb",75834,22,1000,0.892227489509363,0.9,0.0937206,0,10,47.418,63,19.450902642644,"diag","growth"
"169","stan",23712,22,1000,0.923236007866375,0.9,0.096686494279641,0,0,48.656,63,18.5343245138631,"diag","growth"
"170","tmbstan",23712,22,1000,0.942393437192068,0.9,0.0774822268289103,0,0,58.504,63,14.7936755688651,"diag","growth"
"171","tmb",23712,22,1000,0.933781091616559,0.9,0.079837151075783,0,0,56,63,15.6013910727026,"diag","growth"
"172","admb",23712,22,1000,0.9088985768,0.9,0.094515,0,1,48.922,63,17.1785045046714,"diag","growth"
"173","stan",80542,22,1000,0.97590930563351,0.9,0.0553695429083115,0,0,72.504,63,24.6916111191566,"diag","growth"
"174","tmbstan",80542,22,1000,0.949496166907031,0.9,0.0772767906751732,0,0,59.224,63,15.8333988934947,"diag","growth"
"175","tmb",80542,22,1000,0.898460070207009,0.9,0.0936926889752297,0,0,46.336,31,16.8694897280174,"diag","growth"
"176","admb",80542,22,1000,0.889010046582566,0.9,0.0995607,0,0,44.222,31,17.5454426720604,"diag","growth"
"177","stan",38632,22,1000,0.951099159620975,0.9,0.0768911296477615,0,0,59.064,63,14.9611409905709,"diag","growth"
"178","tmbstan",38632,22,1000,0.959564042186722,0.9,0.0712961869440382,0,0,61.816,63,13.7940719303772,"diag","growth"
"179","tmb",38632,22,1000,0.916296662194005,0.9,0.0941286882539003,0,0,48.744,63,17.6460150131934,"diag","growth"
"180","admb",38632,22,1000,0.905820308151,0.9,0.0965087,0,0,47.024,31,17.4718255682882,"diag","growth"
"181","stan",47339,22,1000,0.950273431978875,0.9,0.06904299772716,0,0,66.632,63,33.766918437737,"diag","growth"
"182","tmbstan",47339,22,1000,0.920346367602849,0.9,0.0848125732292814,0,0,56.728,63,17.5529519489493,"diag","growth"
"183","tmb",47339,22,1000,0.92969314511969,0.9,0.090848442234028,0,0,50.772,63,17.906329960454,"diag","growth"
"184","admb",47339,22,1000,0.878198302391165,0.9,0.105319,0,1,41.708,31,16.5017284865266,"diag","growth"
"185","stan",54263,22,1000,0.952704222125306,0.9,0.0756095672952562,0,0,60.504,63,13.5989306533608,"diag","growth"
"186","tmbstan",54263,22,1000,0.943684023681452,0.9,0.0732859258094163,0,1,60.766,63,13.4113798361358,"diag","growth"
"187","tmb",54263,22,1000,0.921523233256567,0.9,0.0901083228778587,0,0,50.872,63,17.993426004499,"diag","growth"
"188","admb",54263,22,1000,0.904470161853342,0.9,0.0940397,0,0,48.136,63,17.3706431442029,"diag","growth"
"189","stan",15202,22,1000,0.967151980822265,0.9,0.063085559907754,0,0,64.328,63,14.5849627060592,"diag","growth"
"190","tmbstan",15202,22,1000,0.926984030887576,0.9,0.0849812637917407,0,0,54.88,63,16.7487946468432,"diag","growth"
"191","tmb",15202,22,1000,0.920806687547704,0.9,0.0924272568234079,0,0,49.208,63,17.9472237083856,"diag","growth"
"192","admb",15202,22,1000,0.926737197000067,0.9,0.0868483,0,0,53.864,63,17.3371878366153,"diag","growth"
"193","stan",26482,22,1000,0.902850097728692,0.9,0.103969392595912,0,0,43.86,31,18.1431412267439,"diag","growth"
"194","tmbstan",26482,22,1000,0.954663899334139,0.9,0.0654030435767835,0,0,62.904,63,13.3929143263949,"diag","growth"
"195","tmb",26482,22,1000,0.91591222515239,0.9,0.0928111748276976,0,0,49.48,63,17.6340738503773,"diag","growth"
"196","admb",26482,22,1000,0.9234750758,0.9,0.0901902,0,0,52.328,63,16.8054407511032,"diag","growth"
"197","stan",32386,22,1000,0.95285282159604,0.9,0.0670668099993283,0,0,62.552,63,10.9887236769357,"diag","growth"
"198","tmbstan",32386,22,1000,0.956242080420731,0.9,0.070038984402346,0,0,62.584,63,13.8200556416368,"diag","growth"
"199","tmb",32386,22,1000,0.927102599311638,0.9,0.087703873962282,0,0,53.784,63,16.6069001662903,"diag","growth"
"200","admb",32386,22,1000,0.94053372493,0.9,0.0804139,0,0,56.68,63,15.5942547363053,"diag","growth"
"201","stan",3049,22,1000,0.956036247540274,0.9,0.0728615028130201,0,0,60.888,63,15.0217545283202,"diag","growth"
"202","tmbstan",3049,22,1000,0.941009548106674,0.9,0.0698851518379439,0,0,62.888,63,18.619939800068,"diag","growth"
"203","tmb",3049,22,1000,0.905704412492329,0.9,0.085807078665745,0,0,53.272,63,16.6077642635556,"diag","growth"
"204","admb",3049,22,1000,0.90093636915,0.9,0.0892519,0,0,49.774,63,16.9617400234948,"diag","growth"
"205","stan",39615,22,1000,0.935777762860347,0.9,0.0892907721927481,0,0,54.888,63,17.652055150918,"diag","growth"
"206","tmbstan",39615,22,1000,0.907438842000443,0.9,0.10021669289655,0,0,45.848,31,17.4686590799079,"diag","growth"
"207","tmb",39615,22,1000,0.878112910051676,0.9,0.0882960840483436,0,0,49.496,63,16.9084558691762,"diag","growth"
"208","admb",39615,22,1000,0.907385573117413,0.9,0.0990024,0,0,45.012,31,17.2977185509265,"diag","growth"
"209","stan",44179,22,1000,0.966786265962967,0.9,0.0581823751355861,0,0,70.072,63,24.2278724985461,"diag","growth"
"210","tmbstan",44179,22,1000,0.933696138944495,0.9,0.0795999718212868,0,0,58.84,63,14.2677948530938,"diag","growth"
"211","tmb",44179,22,1000,0.88602365406533,0.9,0.103561316500528,0,0,41.91,31,15.9347989575588,"diag","growth"
"212","admb",44179,22,1000,0.91661916428,0.9,0.0902548,0,0,50.412,63,16.7039299949825,"diag","growth"
"213","stan",74237,22,1000,0.94589521036806,0.9,0.0797309700983146,0,0,60.28,63,15.430090333102,"diag","growth"
"214","tmbstan",74237,22,1000,0.952173314697377,0.9,0.0764306737221917,0,0,60.76,63,14.4994011128954,"diag","growth"
"215","tmb",74237,22,1000,0.91881787470577,0.9,0.092207302464385,0,0,50.616,63,17.0086400937241,"diag","growth"
"216","admb",74237,22,1000,0.94113696532,0.9,0.0809413,0,0,56.696,63,15.7397370792311,"diag","growth"
"217","stan",38655,22,1000,0.933585645511524,0.9,0.0850120533953675,0,0,56.152,63,17.860344002507,"diag","growth"
"218","tmbstan",38655,22,1000,0.91150493219845,0.9,0.0919864160320442,0,1,51.385,63,18.1022779634903,"diag","growth"
"219","tmb",38655,22,1000,0.935755165554052,0.9,0.0793038330897507,0,0,57.864,63,14.3712224962261,"diag","growth"
"220","admb",38655,22,1000,0.8959265258441,0.9,0.102363,0,0,42.382,31,16.2243429853201,"diag","growth"
"221","stan",48317,22,1000,0.949596947072623,0.9,0.0776310794947444,0,0,58.832,63,15.4075685677257,"diag","growth"
"222","tmbstan",48317,22,1000,0.958262219383387,0.9,0.0703035197528491,0,0,62.024,63,12.8191948169827,"diag","growth"
"223","tmb",48317,22,1000,0.909963901479606,0.9,0.098807303354331,0,0,44.496,31,17.1349815171068,"diag","growth"
"224","admb",48317,22,1000,0.88539101489098,0.9,0.104997,0,0,41.304,31,16.2878137537509,"diag","growth"
"225","stan",2154,22,1000,0.941614562154824,0.9,0.0824646601895499,0,0,58.904,63,15.8508685577174,"diag","growth"
"226","tmbstan",2154,22,1000,0.925696991170036,0.9,0.0878825966957936,0,0,53.512,63,17.5018905313732,"diag","growth"
"227","tmb",2154,22,1000,0.903738145863165,0.9,0.0941499453783659,0,0,46.338,31,17.2276100068044,"diag","growth"
"228","admb",2154,22,1000,0.90941145998098,0.9,0.0939635,0,0,47.592,55,17.4599652458528,"diag","growth"
"229","stan",53332,22,1000,0.960248505785275,0.9,0.0706122996487192,0,0,63.496,63,15.1192121016465,"diag","growth"
"230","tmbstan",53332,22,1000,0.950963210466598,0.9,0.0754146037150517,0,0,60.824,63,14.0970830937379,"diag","growth"
"231","tmb",53332,22,1000,0.0180040904718852,0.9,0.0959915627366967,0,318,5.037,3,7.02117710415625,"diag","growth"
"232","admb",53332,22,1000,0.9253052941,0.9,0.0912341,0,0,50.888,63,16.9862293634576,"diag","growth"
"233","stan",53822,22,1000,0.947618347489923,0.9,0.0756090971443507,0,0,58.904,63,13.3401928301185,"diag","growth"
"234","tmbstan",53822,22,1000,0.939759690651352,0.9,0.0795583792066678,0,0,58.424,63,15.686245002622,"diag","growth"
"235","tmb",53822,22,1000,0.908081809360186,0.9,0.10030837999783,0,0,41.35,31,15.8061802892203,"diag","growth"
"236","admb",53822,22,1000,0.852358067329557,0.9,0.104836,0,1,39.214,31,14.6554080456665,"diag","growth"
"237","stan",80057,22,1000,0.976426599765439,0.9,0.0515967415746816,0,0,82.072,63,30.5880114169333,"diag","growth"
"238","tmbstan",80057,22,1000,0.939870592631397,0.9,0.0770433481759775,0,0,59.08,63,13.3450999131401,"diag","growth"
"239","tmb",80057,22,1000,0.937276450532676,0.9,0.0861232613105964,0,0,53.2,63,16.3649568227909,"diag","growth"
"240","admb",80057,22,1000,0.891906708797215,0.9,0.0975771,0,0,47.454,31,17.8047997712666,"diag","growth"
"241","stan",59189,38,1000,0.963631591807494,0.9,0.0839255130348647,0,0,59.832,63,12.2834302480479,"diag","growth"
"242","tmbstan",59189,38,1000,0.907416271353553,0.9,0.125333661912877,0,0,36.664,31,14.0714288225862,"diag","growth"
"243","tmb",59189,38,1000,0.925501416263667,0.9,0.121723059912084,0,0,35.976,31,12.8690728895689,"diag","growth"
"244","admb",59189,38,1000,0.929115692,0.9,0.112071,0,0,40.344,31,15.7086098819859,"diag","growth"
"245","stan",33032,38,1000,0.939958734187787,0.9,0.109406980606781,0,0,44.984,31,17.1825196924951,"diag","growth"
"246","tmbstan",33032,38,1000,0.942197526986956,0.9,0.105933318086288,0,0,46.984,31,18.1604390240309,"diag","growth"
"247","tmb",33032,38,1000,0.940352614044025,0.9,0.104877249805507,0,0,45.176,31,16.4735060142157,"diag","growth"
"248","admb",33032,38,1000,0.926601405,0.9,0.121841,0,0,36.008,31,12.4103970103278,"diag","growth"
"249","stan",19139,38,1000,0.941634474638817,0.9,0.111992821415038,0,0,44.472,31,17.8188306778735,"diag","growth"
"250","tmbstan",19139,38,1000,0.941049984732508,0.9,0.112671563208215,0,0,44.728,31,17.6657321980747,"diag","growth"
"251","tmb",19139,38,1000,0.909664613955199,0.9,0.130331465603733,0,0,33.768,31,9.82989332611513,"diag","growth"
"252","admb",19139,38,1000,0.912013134031147,0.9,0.117668,0,0,36.248,31,12.6495259399911,"diag","growth"
"253","stan",78362,38,1000,0.944112217927606,0.9,0.105899726440908,0,0,48.312,63,17.4573599211168,"diag","growth"
"254","tmbstan",78362,38,1000,0.929874474432844,0.9,0.114582107864648,0,0,41.96,31,17.5926092408119,"diag","growth"
"255","tmb",78362,38,1000,0.912620448405024,0.9,0.124481434835906,0,0,33.976,31,10.391699159012,"diag","growth"
"256","admb",78362,38,1000,0.9070199139,0.9,0.124656,0,0,34.52,31,10.6618607792109,"diag","growth"
"257","stan",61413,38,1000,0.944589964858027,0.9,0.0946893432182245,0,0,52.568,63,15.3451245954163,"diag","growth"
"258","tmbstan",61413,38,1000,0.945402935074399,0.9,0.105033913350571,0,0,48.68,63,17.2409643248529,"diag","growth"
"259","tmb",61413,38,1000,0.87903175373047,0.9,0.128235155761222,0,0,32.28,31,7.60338157739117,"diag","growth"
"260","admb",61413,38,1000,0.892749594109,0.9,0.133566,0,0,32.968,31,8.9110258883241,"diag","growth"
"261","stan",72018,38,1000,0.932347218152695,0.9,0.121035758911647,0,0,38.824,31,15.9106937049952,"diag","growth"
"262","tmbstan",72018,38,1000,0.926369843656944,0.9,0.12127802091026,0,0,37.624,31,14.9192898359543,"diag","growth"
"263","tmb",72018,38,1000,0.914498751399022,0.9,0.132423364926069,0,0,32.648,31,7.91370474068389,"diag","growth"
"264","admb",72018,38,1000,0.887683345201051,0.9,0.126511,0,0,32.78,31,8.1967546496639,"diag","growth"
"265","stan",66788,38,1000,0.95024387575329,0.9,0.0974279292499541,0,0,51.576,63,17.4053776509207,"diag","growth"
"266","tmbstan",66788,38,1000,0.947552525873602,0.9,0.0980040758193082,0,0,49.128,63,16.5998545527113,"diag","growth"
"267","tmb",66788,38,1000,0.901291868875543,0.9,0.11952395807865,0,0,32.888,31,8.41107616195468,"diag","growth"
"268","admb",66788,38,1000,0.913528395322464,0.9,0.117565,0,0,35.912,31,12.5103463087464,"diag","growth"
"269","stan",19639,38,1000,0.935285667814884,0.9,0.103286514353923,0,0,47.912,63,17.3578094686383,"diag","growth"
"270","tmbstan",19639,38,1000,0.961641762832194,0.9,0.0856816585885183,0,0,57.976,63,12.8204441337961,"diag","growth"
"271","tmb",19639,38,1000,0.900451479763536,0.9,0.133349208591031,0,0,31.968,31,6.61170860600274,"diag","growth"
"272","admb",19639,38,1000,0.90183204183488,0.9,0.122006,0,0,34.792,31,11.0307939158709,"diag","growth"
"273","stan",68716,38,1000,0.926260101447082,0.9,0.113678952818604,0,0,41.816,31,17.0995479045073,"diag","growth"
"274","tmbstan",68716,38,1000,0.950143272262335,0.9,0.102723007649055,0,0,50.536,63,16.560040426851,"diag","growth"
"275","tmb",68716,38,1000,0.9190358568589,0.9,0.121745047003555,0,0,35.336,31,12.1022960453614,"diag","growth"
"276","admb",68716,38,1000,0.9279952584,0.9,0.108303,0,0,43.368,31,16.0676926391672,"diag","growth"
"277","stan",34163,38,1000,0.935090673026209,0.9,0.108441008900568,0,0,46.568,31,17.4793278733166,"diag","growth"
"278","tmbstan",34163,38,1000,0.963880110221241,0.9,0.0879033465716176,0,0,57.88,63,13.1187538166436,"diag","growth"
"279","tmb",34163,38,1000,0.892996018072542,0.9,0.131441892387082,0,0,31.832,31,6.81602774599944,"diag","growth"
"280","admb",34163,38,1000,0.9086181554,0.9,0.122318,0,0,34.312,31,10.5719639813245,"diag","growth"
"281","stan",52953,38,1000,0.949492315401689,0.9,0.0986385515395921,0,0,52.344,63,16.5002400564938,"diag","growth"
"282","tmbstan",52953,38,1000,0.935463352658157,0.9,0.112986078675019,0,0,42.072,31,17.7475009449159,"diag","growth"
"283","tmb",52953,38,1000,0.894029154823806,0.9,0.128400181172869,0,0,33.08,31,8.92867970762314,"diag","growth"
"284","admb",52953,38,1000,0.95034786,0.9,0.103684,0,0,46.568,31,16.3741714138301,"diag","growth"
"285","stan",75834,38,1000,0.956621436855339,0.9,0.0924432678289666,0,0,56.008,63,14.6193591399097,"diag","growth"
"286","tmbstan",75834,38,1000,0.94308409214477,0.9,0.110764106170196,0,0,45.32,31,16.8652909265757,"diag","growth"
"287","tmb",75834,38,1000,0.894209268156348,0.9,0.127804084670733,0,0,34.072,31,10.4130325672806,"diag","growth"
"288","admb",75834,38,1000,0.900450002738543,0.9,0.12462,0,0,33,31,8.52153839495056,"diag","growth"
"289","stan",23712,38,1000,0.954229318577303,0.9,0.0944770093533457,0,0,54.488,63,15.4124430055523,"diag","growth"
"290","tmbstan",23712,38,1000,0.930039780320531,0.9,0.110118303563785,0,0,44.248,31,17.199602388495,"diag","growth"
"291","tmb",23712,38,1000,0.88431851926215,0.9,0.123549254970058,0,0,34.264,31,11.5255864554973,"diag","growth"
"292","admb",23712,38,1000,0.885731939740758,0.9,0.129848,0,0,33.688,31,10.045275683801,"diag","growth"
"293","stan",80542,38,1000,0.93083426802742,0.9,0.10207641564446,0,0,47.944,63,17.5323771419693,"diag","growth"
"294","tmbstan",80542,38,1000,0.942399972325879,0.9,0.103783695513601,0,0,49.272,63,16.3080338474007,"diag","growth"
"295","tmb",80542,38,1000,0.907024586476035,0.9,0.127004868650176,0,0,34.712,31,11.2760012506298,"diag","growth"
"296","admb",80542,38,1000,0.9007664198,0.9,0.127187,0,0,33.352,31,9.15947553039976,"diag","growth"
"297","stan",38632,38,1000,0.946231503390126,0.9,0.100690069814609,0,0,48.728,63,17.8425438873601,"diag","growth"
"298","tmbstan",38632,38,1000,0.952549035334587,0.9,0.0927943305488605,0,0,55.288,63,14.422102934491,"diag","growth"
"299","tmb",38632,38,1000,0.931986909923424,0.9,0.116430451688179,0,0,38.584,31,14.959770678013,"diag","growth"
"300","admb",38632,38,1000,0.956048723,0.9,0.0915306,0,0,53.464,63,16.1735056894381,"diag","growth"
"301","stan",47339,38,1000,0.93673439249553,0.9,0.116964857895256,0,0,40.792,31,16.7240075468898,"diag","growth"
"302","tmbstan",47339,38,1000,0.938001310743055,0.9,0.107057490058844,0,0,46.92,31,17.2632447593035,"diag","growth"
"303","tmb",47339,38,1000,0.855047003095837,0.9,0.145268613805014,0,0,31.016,31,5.52215883855565,"diag","growth"
"304","admb",47339,38,1000,0.906407135,0.9,0.138423,0,0,32.232,31,7.45827069780937,"diag","growth"
"305","stan",54263,38,1000,0.958019701670601,0.9,0.0892045109588583,0,0,57.304,63,13.5195548137637,"diag","growth"
"306","tmbstan",54263,38,1000,0.912164844140549,0.9,0.121688202617828,0,0,37.144,31,14.4298123162945,"diag","growth"
"307","tmb",54263,38,1000,0.900005260635941,0.9,0.124636078334662,0,0,34.024,31,10.3901578130161,"diag","growth"
"308","admb",54263,38,1000,0.895902675900258,0.9,0.128878,0,0,33.784,31,9.52071362808419,"diag","growth"
"309","stan",15202,38,1000,0.960989559092886,0.9,0.0901493588355861,0,0,56.44,63,14.51265024098,"diag","growth"
"310","tmbstan",15202,38,1000,0.934266416707176,0.9,0.108586900197262,0,0,44.584,31,16.9730087794423,"diag","growth"
"311","tmb",15202,38,1000,0.924764215409158,0.9,0.117747415433902,0,0,36.76,31,12.8503514166552,"diag","growth"
"312","admb",15202,38,1000,0.926888349,0.9,0.121483,0,0,36.312,31,12.9236866906343,"diag","growth"
"313","stan",26482,38,1000,0.945393565433343,0.9,0.105209959812774,0,0,48.168,63,17.4602587792002,"diag","growth"
"314","tmbstan",26482,38,1000,0.93185056363586,0.9,0.111497002220122,0,0,42.824,31,17.0233609730517,"diag","growth"
"315","tmb",26482,38,1000,0.922079956755449,0.9,0.114135382460754,0,0,38.216,31,14.8417526465583,"diag","growth"
"316","admb",26482,38,1000,0.889784125898836,0.9,0.123184,0,0,33.688,31,9.91690480951597,"diag","growth"
"317","stan",32386,38,1000,0.957138063853521,0.9,0.0896999518449534,0,0,56.12,63,15.5129059253981,"diag","growth"
"318","tmbstan",32386,38,1000,0.948167480881212,0.9,0.0995208852985481,0,0,49.224,63,16.1964239308604,"diag","growth"
"319","tmb",32386,38,1000,0.893220283122291,0.9,0.13544917200421,0,0,31.736,31,6.11422012097109,"diag","growth"
"320","admb",32386,38,1000,0.905057137,0.9,0.133003,0,0,32.04,31,7.55562621411935,"diag","growth"
"321","stan",3049,38,1000,0.938295223153249,0.9,0.110267930584046,0,0,45.144,31,18.2557535187276,"diag","growth"
"322","tmbstan",3049,38,1000,0.927483209554627,0.9,0.115954741846443,0,0,43.304,31,16.8779278481823,"diag","growth"
"323","tmb",3049,38,1000,0.905424765692872,0.9,0.12565255946927,0,0,33.416,31,8.94443664782455,"diag","growth"
"324","admb",3049,38,1000,0.90374051508662,0.9,0.129788,0,0,32.224,31,8.23125613606924,"diag","growth"
"325","stan",39615,38,1000,0.914397364426177,0.9,0.110161030010664,0,0,40.584,31,16.451674735467,"diag","growth"
"326","tmbstan",39615,38,1000,0.945365526414056,0.9,0.0969507937853181,0,0,53.016,63,15.4427401137953,"diag","growth"
"327","tmb",39615,38,1000,0.903314729706681,0.9,0.112573480569381,0,0,39.656,31,15.4733670895862,"diag","growth"
"328","admb",39615,38,1000,0.9091024185269,0.9,0.128763,0,0,32.792,31,8.27872413317857,"diag","growth"
"329","stan",44179,38,1000,0.945733945217857,0.9,0.103553422990494,0,0,47.928,63,17.0365800870087,"diag","growth"
"330","tmbstan",44179,38,1000,0.944105404378057,0.9,0.107720392001979,0,0,45.176,31,17.3079342669363,"diag","growth"
"331","tmb",44179,38,1000,0.88229853007894,0.9,0.114800920940188,0,0,38.2,31,14.7716689037563,"diag","growth"
"332","admb",44179,38,1000,0.899011795008239,0.9,0.139426,0,0,31.816,31,7.09425630157753,"diag","growth"
"333","stan",74237,38,1000,0.900443692466861,0.9,0.134927175045209,0,0,33.304,31,9.43337546017186,"diag","growth"
"334","tmbstan",74237,38,1000,0.936095836245169,0.9,0.106872073639276,0,0,42.984,31,16.4501170315092,"diag","growth"
"335","tmb",74237,38,1000,0.91687029114955,0.9,0.116910033861021,0,0,38.168,31,14.6129159757152,"diag","growth"
"336","admb",74237,38,1000,0.90902724372,0.9,0.120273,0,0,35.976,31,12.7087740139219,"diag","growth"
"337","stan",38655,38,1000,0.925245613215592,0.9,0.120955044979575,0,0,37.592,31,14.2665016408743,"diag","growth"
"338","tmbstan",38655,38,1000,0.939951721622813,0.9,0.11590852824671,0,0,43.144,31,17.9612324151176,"diag","growth"
"339","tmb",38655,38,1000,0.903454435562256,0.9,0.140079266237221,0,0,31.208,31,5.96458819301989,"diag","growth"
"340","admb",38655,38,1000,0.86413376258647,0.9,0.135078,0,0,31.976,31,7.59797033115773,"diag","growth"
"341","stan",48317,38,1000,0.934794267451445,0.9,0.107804067258746,0,0,46.888,31,17.4402872573711,"diag","growth"
"342","tmbstan",48317,38,1000,0.952567267792995,0.9,0.0922442653520382,0,0,55.48,63,15.3468278522021,"diag","growth"
"343","tmb",48317,38,1000,0.87849098355348,0.9,0.143578711131287,0,0,30.632,31,4.70730652653242,"diag","growth"
"344","admb",48317,38,1000,0.902997094,0.9,0.126763,0,0,32.472,31,7.56852023175591,"diag","growth"
"345","stan",2154,38,1000,0.94926868182106,0.9,0.0911021603701411,0,0,53.768,63,16.0724764893435,"diag","growth"
"346","tmbstan",2154,38,1000,0.926870533590103,0.9,0.109104951790785,0,0,45.032,31,17.8535633901394,"diag","growth"
"347","tmb",2154,38,1000,0.900907454795732,0.9,0.133175594840724,0,0,32.408,31,7.78087900420499,"diag","growth"
"348","admb",2154,38,1000,0.866435837342659,0.9,0.13762,0,0,31.368,31,5.91367462307046,"diag","growth"
"349","stan",53332,38,1000,0.929286300979248,0.9,0.116969133201926,0,0,40.024,31,16.5735363186649,"diag","growth"
"350","tmbstan",53332,38,1000,0.960151845684979,0.9,0.0909658563662646,0,0,54.056,63,16.3917526077462,"diag","growth"
"351","tmb",53332,38,1000,0.834871259737439,0.9,0.139957539733049,0,0,31.112,31,5.92406537358853,"diag","growth"
"352","admb",53332,38,1000,0.91138789709,0.9,0.134935,0,0,31.656,31,6.77876210053249,"diag","growth"
"353","stan",53822,38,1000,0.943089304288574,0.9,0.111992914026914,0,0,45.432,31,17.5679825253217,"diag","growth"
"354","tmbstan",53822,38,1000,0.88511607841217,0.9,0.137897266935546,0,0,32.552,31,7.80283154887892,"diag","growth"
"355","tmb",53822,38,1000,0.939058417056869,0.9,0.103161131625488,0,0,43.656,31,15.8092250156545,"diag","growth"
"356","admb",53822,38,1000,0.942844099,0.9,0.108846,0,0,43.592,31,16.0530132758693,"diag","growth"
"357","stan",80057,38,1000,0.904391179268358,0.9,0.128310776982862,0,0,34.024,31,10.8722412422476,"diag","growth"
"358","tmbstan",80057,38,1000,0.939221225906997,0.9,0.108409367023757,0,0,44.04,31,17.4095805088317,"diag","growth"
"359","tmb",80057,38,1000,0.903404989223301,0.9,0.126257206488072,0,0,34.872,31,11.0378190531214,"diag","growth"
"360","admb",80057,38,1000,0.88316604458668,0.9,0.134369,0,0,31.928,31,7.20602128381139,"diag","growth"
"361","stan",59189,70,1000,0.953930918873183,0.9,0.0863572412620735,0,0,58.904,63,13.1076540461898,"diag","growth"
"362","tmbstan",59189,70,1000,0.938204253525084,0.9,0.106012132375475,0,0,42.328,31,15.5758474255182,"diag","growth"
"363","tmb",59189,70,1000,0.958725981860321,0.9,0.0797539313247018,0,0,61.304,63,7.58928067613665,"diag","growth"
"364","admb",59189,70,1000,0.919498318,0.9,0.113889,0,0,36.216,31,12.9033266966252,"diag","growth"
"365","stan",33032,70,1000,0.963123957671027,0.9,0.0812803079095765,0,0,61.368,63,9.73197242532506,"diag","growth"
"366","tmbstan",33032,70,1000,0.965898848846582,0.9,0.0697074015497437,0,0,64.92,63,12.9812986297255,"diag","growth"
"367","tmb",33032,70,1000,0.910885547921497,0.9,0.113617422383069,0,0,35.192,31,10.8966909598223,"diag","growth"
"368","admb",33032,70,1000,0.00138888123161095,0.9,0.000376698,0,766,6.114,2,129.43387552002,"diag","growth"
"369","stan",19139,70,1000,0.949836407920452,0.9,0.0914416566726427,0,0,54.136,63,15.9525542778574,"diag","growth"
"370","tmbstan",19139,70,1000,0.951590344225349,0.9,0.0758498205517687,0,0,63.064,63,7.43957332454296,"diag","growth"
"371","tmb",19139,70,1000,0.900152599372922,0.9,0.114162174962544,0,0,35.384,31,12.4092922656586,"diag","growth"
"372","admb",19139,70,1000,0.932512884,0.9,0.109388,0,0,37.432,31,12.9099978328443,"diag","growth"
"373","stan",78362,70,1000,0.946731778048101,0.9,0.0880938849389103,0,0,56.696,63,14.5379137064069,"diag","growth"
"374","tmbstan",78362,70,1000,0.92414799897189,0.9,0.0884975470529666,0,0,56.504,63,14.2387051632065,"diag","growth"
"375","tmb",78362,70,1000,0.923963191192527,0.9,0.110773930518816,0,0,36.376,31,12.3904861949864,"diag","growth"
"376","admb",78362,70,1000,0.914118523,0.9,0.107997,0,0,36.344,31,12.0267329855745,"diag","growth"
"377","stan",61413,70,1000,0.954775210411325,0.9,0.0871617208859985,0,0,57.976,63,12.5783002682253,"diag","growth"
"378","tmbstan",61413,70,1000,0.952703639024452,0.9,0.0821064067215061,0,0,60.92,63,8.75478419187168,"diag","growth"
"379","tmb",61413,70,1000,0.906787381986476,0.9,0.115801783785637,0,0,35.288,31,13.4331495006013,"diag","growth"
"380","admb",61413,70,1000,0.900927213,0.9,0.118197,0,0,34.488,31,12.1120005183519,"diag","growth"
"381","stan",72018,70,1000,0.940211389067748,0.9,0.0873064048177753,0,0,56.408,63,15.2728122752424,"diag","growth"
"382","tmbstan",72018,70,1000,0.91976767576918,0.9,0.11715342661979,0,0,37.976,31,17.0160209499451,"diag","growth"
"383","tmb",72018,70,1000,0.937534872277587,0.9,0.0920728163050825,0,0,50.616,63,16.7352505990383,"diag","growth"
"384","admb",72018,70,1000,0.9168956156,0.9,0.115405,0,0,34.968,31,12.4255128413023,"diag","growth"
"385","stan",66788,70,1000,0.932670381345773,0.9,0.102599827615376,0,0,43.896,31,15.9628317035542,"diag","growth"
"386","tmbstan",66788,70,1000,0.955683657917672,0.9,0.0789778105417858,0,0,61.4,63,9.68451288345417,"diag","growth"
"387","tmb",66788,70,1000,0.887107620158806,0.9,0.123419085795532,0,0,33.016,31,8.28905618586655,"diag","growth"
"388","admb",66788,70,1000,0.936447082,0.9,0.106558,0,0,37.848,31,13.3627639154278,"diag","growth"
"389","stan",19639,70,1000,0.941350170757498,0.9,0.0983157733665044,0,0,48.984,63,17.1862477321581,"diag","growth"
"390","tmbstan",19639,70,1000,0.965023819004939,0.9,0.0675476812309499,0,0,66.52,63,18.3331859125932,"diag","growth"
"391","tmb",19639,70,1000,0.889195435123764,0.9,0.124786788580425,0,0,33.272,31,9.05317491137645,"diag","growth"
"392","admb",19639,70,1000,0.925208145,0.9,0.115859,0,0,34.776,31,11.8966951442556,"diag","growth"
"393","stan",68716,70,1000,0.936018192656368,0.9,0.094446449818764,0,0,51.192,63,15.906481451036,"diag","growth"
"394","tmbstan",68716,70,1000,0.949033995634406,0.9,0.0888846419081595,0,0,55.608,63,15.0045150361973,"diag","growth"
"395","tmb",68716,70,1000,0.893140887164676,0.9,0.113996478263969,0,0,34.984,31,12.389400358421,"diag","growth"
"396","admb",68716,70,1000,0.898199338,0.9,0.118154,0,0,36.6,31,14.2597103525752,"diag","growth"
"397","stan",34163,70,1000,0.953282947193934,0.9,0.0953983537765369,0,0,53.08,63,15.9406305930381,"diag","growth"
"398","tmbstan",34163,70,1000,0.954903840624432,0.9,0.080080123998342,0,0,61.496,63,8.75572079537982,"diag","growth"
"399","tmb",34163,70,1000,0.930167713627602,0.9,0.106927159613126,0,0,39.128,31,14.1554227062279,"diag","growth"
"400","admb",34163,70,1000,0.91894367,0.9,0.114898,0,0,34.232,31,10.9417502209609,"diag","growth"
"401","stan",52953,70,1000,0.922441690574558,0.9,0.10875553965715,0,0,41.272,31,16.0706029843401,"diag","growth"
"402","tmbstan",52953,70,1000,0.948885380880902,0.9,0.0866545103788026,0,0,57.944,63,12.9273346046267,"diag","growth"
"403","tmb",52953,70,1000,0.814978108600347,0.9,0.116038034677772,0,0,34.708,31,11.9187580222435,"diag","growth"
"404","admb",52953,70,1000,0.943510891,0.9,0.0990752,0,0,45.048,31,16.2077878931207,"diag","growth"
"405","stan",75834,70,1000,0.929723038498112,0.9,0.0973565920909031,0,0,48.6,63,16.6205969882024,"diag","growth"
"406","tmbstan",75834,70,1000,0.944600651044162,0.9,0.10182112767819,0,0,45.048,31,16.3964184668036,"diag","growth"
"407","tmb",75834,70,1000,0.893334517860707,0.9,0.127801329760548,0,0,31.656,31,5.04490982229763,"diag","growth"
"408","admb",75834,70,1000,0.8947134308,0.9,0.114686,0,0,34.584,31,10.2978147676577,"diag","growth"
"409","stan",23712,70,1000,0.942497594703496,0.9,0.0927262496600228,0,0,52.792,63,15.3956409987295,"diag","growth"
"410","tmbstan",23712,70,1000,0.965050542674243,0.9,0.0806119480193561,0,0,61.592,63,10.8128837251889,"diag","growth"
"411","tmb",23712,70,1000,0.89226962583794,0.9,0.125952367890557,0,0,32.648,31,9.76870121989221,"diag","growth"
"412","admb",23712,70,1000,0.9120740607,0.9,0.118247,0,0,35.352,31,13.0248125415202,"diag","growth"
"413","stan",80542,70,1000,0.934602498783404,0.9,0.097214071482197,0,0,48.088,63,16.7845755971957,"diag","growth"
"414","tmbstan",80542,70,1000,0.94964125266622,0.9,0.0899785108846005,0,0,54.616,63,14.6490661524597,"diag","growth"
"415","tmb",80542,70,1000,0.904260620110959,0.9,0.114743829942766,0,0,35.448,31,12.6322947587076,"diag","growth"
"416","admb",80542,70,1000,0.940644865,0.9,0.102825,0,0,41.016,31,14.9151669855287,"diag","growth"
"417","stan",38632,70,1000,0.918378933791364,0.9,0.101987920247372,0,0,44.632,31,16.088611482021,"diag","growth"
"418","tmbstan",38632,70,1000,0.94094319499768,0.9,0.0942977548083804,0,0,50.2,63,16.4501248203959,"diag","growth"
"419","tmb",38632,70,1000,0.882463002106689,0.9,0.125810952527923,0,0,33.976,31,10.7074774841731,"diag","growth"
"420","admb",38632,70,1000,0.88910308,0.9,0.121021,0,0,37.176,31,13.9463085984616,"diag","growth"
"421","stan",47339,70,1000,0.952806515404423,0.9,0.0894999940932418,0,0,54.648,63,14.7022533052676,"diag","growth"
"422","tmbstan",47339,70,1000,0.936110607898587,0.9,0.108485270990728,0,0,40.408,31,15.2728122752424,"diag","growth"
"423","tmb",47339,70,1000,0.89446661028124,0.9,0.124911507612196,0,0,32.424,31,7.10652705100929,"diag","growth"
"424","admb",47339,70,1000,0.87906692,0.9,0.134964,0,0,32.264,31,6.6149876841958,"diag","growth"
"425","stan",54263,70,1000,0.932488917853068,0.9,0.102719560193664,0,0,43.864,31,16.4624577908803,"diag","growth"
"426","tmbstan",54263,70,1000,0.973047154606003,0.9,0.0628396927925007,0,0,64.92,63,11.9963958551522,"diag","growth"
"427","tmb",54263,70,1000,0.920605857618091,0.9,0.107653502695577,0,0,38.744,31,13.7122751755677,"diag","growth"
"428","admb",54263,70,1000,0.526290084371203,0.9,0.127197,0,18,32.362,31,12.3367398915253,"diag","growth"
"429","stan",15202,70,1000,0.938953564052829,0.9,0.0982769535490822,0,0,47.608,63,17.0510138429676,"diag","growth"
"430","tmbstan",15202,70,1000,0.929411421204107,0.9,0.0980878419722,0,0,48.728,63,16.3590230036403,"diag","growth"
"431","tmb",15202,70,1000,0.893546681603232,0.9,0.124002669191364,0,0,32.92,31,9.5190447111153,"diag","growth"
"432","admb",15202,70,1000,0.899425921,0.9,0.122943,0,0,33.848,31,10.7660951512052,"diag","growth"
"433","stan",26482,70,1000,0.952155145169539,0.9,0.0875022835843711,0,0,56.92,63,14.5276513123303,"diag","growth"
"434","tmbstan",26482,70,1000,0.922274595530191,0.9,0.110901641374445,0,0,41.176,31,16.2897016049521,"diag","growth"
"435","tmb",26482,70,1000,0.468183061548682,0.9,0.121633603317651,0,28,33.514,31,17.2796524962278,"diag","growth"
"436","admb",26482,70,1000,0.927576475,0.9,0.104686,0,0,39.256,31,14.2259214408361,"diag","growth"
"437","stan",32386,70,1000,0.93916528831396,0.9,0.103617571665077,0,0,40.28,31,14.6680861993906,"diag","growth"
"438","tmbstan",32386,70,1000,0.942479585281927,0.9,0.101368834759981,0,0,45.816,31,16.344824786375,"diag","growth"
"439","tmb",32386,70,1000,0.926862212876283,0.9,0.110327605789901,0,0,37.464,31,13.400756854905,"diag","growth"
"440","admb",32386,70,1000,0.904762276,0.9,0.116269,0,0,36.056,31,13.6973165430489,"diag","growth"
"441","stan",3049,70,1000,0.935062476166142,0.9,0.108630827846672,0,0,41.048,31,15.9889130756703,"diag","growth"
"442","tmbstan",3049,70,1000,0.949256154801695,0.9,0.0901464578908965,0,0,54.712,63,15.4182612112643,"diag","growth"
"443","tmb",3049,70,1000,0.905307009590788,0.9,0.114797642037848,0,0,36.632,31,14.2830172085796,"diag","growth"
"444","admb",3049,70,1000,0.922557366,0.9,0.114233,0,0,36.792,31,12.6549944640401,"diag","growth"
"445","stan",39615,70,1000,0.930184851513368,0.9,0.0940697112435798,0,0,50.84,63,16.3124644519612,"diag","growth"
"446","tmbstan",39615,70,1000,0.94020876565986,0.9,0.0969089507526548,0,0,49.304,63,16.5994917731576,"diag","growth"
"447","tmb",39615,70,1000,0.948358086423361,0.9,0.0944411402886668,0,0,48.824,63,15.9679679358396,"diag","growth"
"448","admb",39615,70,1000,0.88012100299,0.9,0.130305,0,0,32.664,31,9.56716439885061,"diag","growth"
"449","stan",44179,70,1000,0.93478007596685,0.9,0.0946671134390463,0,0,50.264,63,16.8075220302339,"diag","growth"
"450","tmbstan",44179,70,1000,0.942401655543168,0.9,0.0910332860706685,0,0,53.24,63,16.0072055846931,"diag","growth"
"451","tmb",44179,70,1000,0.867095273235949,0.9,0.109611826213308,0,0,38.168,31,13.6518918157943,"diag","growth"
"452","admb",44179,70,1000,0.920279306,0.9,0.112604,0,0,35.512,31,12.3632805802791,"diag","growth"
"453","stan",74237,70,1000,0.945132614250083,0.9,0.0790044207347381,0,0,61.912,63,8.75882257914687,"diag","growth"
"454","tmbstan",74237,70,1000,0.935041333674852,0.9,0.104433817420255,0,0,42.2,31,15.9277648681067,"diag","growth"
"455","tmb",74237,70,1000,0.908519520116536,0.9,0.122075531369789,0,0,33.464,31,9.87168446386705,"diag","growth"
"456","admb",74237,70,1000,0.860436213203333,0.9,0.130271,0,0,32.584,31,8.08680037717887,"diag","growth"
"457","stan",38655,70,1000,0.962384089653062,0.9,0.0787021178067109,0,0,62.04,63,7.91385045531118,"diag","growth"
"458","tmbstan",38655,70,1000,0.885086468326435,0.9,0.134494840944464,0,0,35.288,31,15.4887364545,"diag","growth"
"459","tmb",38655,70,1000,0.870037299121878,0.9,0.121698706230556,0,0,35.448,31,13.2655671296508,"diag","growth"
"460","admb",38655,70,1000,0.922965657,0.9,0.114974,0,0,36.696,31,13.056724783117,"diag","growth"
"461","stan",48317,70,1000,0.951576893776548,0.9,0.0940469821684407,0,0,53.72,63,15.9406305930381,"diag","growth"
"462","tmbstan",48317,70,1000,0.924147505335707,0.9,0.106544668425713,0,0,41.816,31,15.5452822360934,"diag","growth"
"463","tmb",48317,70,1000,0.912824660607632,0.9,0.121030093891348,0,0,33.496,31,10.3206831411734,"diag","growth"
"464","admb",48317,70,1000,0.8819499171,0.9,0.115782,0,0,33.832,31,10.8768599366767,"diag","growth"
"465","stan",2154,70,1000,0.965729482825589,0.9,0.0739420413100577,0,0,64.056,63,12.0607763566997,"diag","growth"
"466","tmbstan",2154,70,1000,0.967957258400016,0.9,0.073108943073445,0,0,62.904,63,6.32192618991639,"diag","growth"
"467","tmb",2154,70,1000,0.911154035387919,0.9,0.115628048143696,0,0,35.352,31,12.7061222070914,"diag","growth"
"468","admb",2154,70,1000,0.926449662,0.9,0.104795,0,0,39.512,31,14.3624557836094,"diag","growth"
"469","stan",53332,70,1000,0.943376800551077,0.9,0.0826563282319188,0,0,60.312,63,10.0707535009093,"diag","growth"
"470","tmbstan",53332,70,1000,0.925084766170894,0.9,0.108666849824327,0,0,40.376,31,16.3611219147805,"diag","growth"
"471","tmb",53332,70,1000,0.868061732593074,0.9,0.137132788532994,0,0,31.672,31,5.68759745101258,"diag","growth"
"472","admb",53332,70,1000,0.895382687,0.9,0.116788,0,0,33.976,31,10.3174548156933,"diag","growth"
"473","stan",53822,70,1000,0.932435036107307,0.9,0.105659219830643,0,0,42.168,31,15.5269076399926,"diag","growth"
"474","tmbstan",53822,70,1000,0.926283440043416,0.9,0.111072441443188,0,0,39.608,31,17.020929705749,"diag","growth"
"475","tmb",53822,70,1000,0.879876870853865,0.9,0.130555830394663,0,0,32.6,31,8.31800391856058,"diag","growth"
"476","admb",53822,70,1000,0.874782433230103,0.9,0.104989,0,0,37.464,31,12.8541796289741,"diag","growth"
"477","stan",80057,70,1000,0.968688692180913,0.9,0.073299006347314,0,0,63.16,63,6.15632197828381,"diag","growth"
"478","tmbstan",80057,70,1000,0.950296934869551,0.9,0.0854077233379177,0,0,58.84,63,12.3624929213825,"diag","growth"
"479","tmb",80057,70,1000,0.925309268991852,0.9,0.0941709194211571,0,0,46.36,31,16.0591499244604,"diag","growth"
"480","admb",80057,70,1000,0.914040517,0.9,0.126551,0,0,32.984,31,8.60009916836461,"diag","growth"
"481","stan",59189,134,1000,0.93501209705925,0.9,0.127537686371857,0,0,37.56,31,17.6226262786498,"diag","growth"
"482","tmbstan",59189,134,1000,0.912330944034555,0.9,0.156284836902983,0,0,31.048,31,1.51789327688082,"diag","growth"
"483","tmb",59189,134,1000,0.924937498527901,0.9,0.136678824409867,0,0,31.704,31,4.69621533135337,"diag","growth"
"484","admb",59189,134,1000,0.8959196482,0.9,0.148303,0,0,30.984,31,0.505964425626941,"diag","growth"
"485","stan",33032,134,1000,0.943547446829779,0.9,0.120835877672776,0,0,39.128,31,18.5439881227177,"diag","growth"
"486","tmbstan",33032,134,1000,0.954697672942942,0.9,0.101985619120494,0,0,49.4,63,15.8268913716652,"diag","growth"
"487","tmb",33032,134,1000,0.907935004080084,0.9,0.148517263109271,0,0,31.064,31,1.43036706825554,"diag","growth"
"488","admb",33032,134,1000,0.921377463,0.9,0.150584,0,0,31.032,31,1.01192885125388,"diag","growth"
"489","stan",19139,134,1000,0.940623322865175,0.9,0.126222362006465,0,0,39,31,19.3557910364482,"diag","growth"
"490","tmbstan",19139,134,1000,0.942942664342134,0.9,0.118628843380527,0,0,40.056,31,15.9088011476024,"diag","growth"
"491","tmb",19139,134,1000,0.882009608332058,0.9,0.165459257407848,0,0,30.84,31,1.59277648681067,"diag","growth"
"492","admb",19139,134,1000,0.9420984363,0.9,0.111157,0,0,40.184,31,14.4828138114075,"diag","growth"
"493","stan",78362,134,1000,0.925477533416946,0.9,0.131696443912583,0,0,36.44,31,14.4285336255138,"diag","growth"
"494","tmbstan",78362,134,1000,0.906615049879054,0.9,0.160365266440324,0,0,31.176,31,2.8129943009073,"diag","growth"
"495","tmb",78362,134,1000,0.906713620741099,0.9,0.154424298126222,0,0,30.984,31,1.33923020333979,"diag","growth"
"496","admb",78362,134,1000,0.897440108,0.9,0.163068,0,0,30.936,31,1.01040829614811,"diag","growth"
"497","stan",61413,134,1000,0.95195807371092,0.9,0.109390304672504,0,0,43.64,31,15.6510496566638,"diag","growth"
"498","tmbstan",61413,134,1000,0.933228606383779,0.9,0.117272040983302,0,0,39.192,31,15.6343073900818,"diag","growth"
"499","tmb",61413,134,1000,0.902285448372358,0.9,0.148851210301201,0,0,31.032,31,1.01192885125388,"diag","growth"
"500","admb",61413,134,1000,0.897987974,0.9,0.155922,0,0,30.984,31,1.33923020333979,"diag","growth"
"501","stan",72018,134,1000,0.936679478667469,0.9,0.114071753206567,0,0,39.8,31,14.5795941152202,"diag","growth"
"502","tmbstan",72018,134,1000,0.939909070008783,0.9,0.122131161630118,0,0,42.392,31,21.8382060445276,"diag","growth"
"503","tmb",72018,134,1000,0.937720580002314,0.9,0.12433609805639,0,0,34.456,31,10.1413466024444,"diag","growth"
"504","admb",72018,134,1000,0.901057354,0.9,0.157322,0,0,30.92,31,1.12910357136751,"diag","growth"
"505","stan",66788,134,1000,0.944774493705015,0.9,0.120915870591229,0,0,42.744,31,23.5771572999449,"diag","growth"
"506","tmbstan",66788,134,1000,0.937011132363746,0.9,0.131661687199414,0,0,36.76,31,14.5875013348824,"diag","growth"
"507","tmb",66788,134,1000,0.925057361898647,0.9,0.141826448115823,0,0,31.208,31,3.07216115693402,"diag","growth"
"508","admb",66788,134,1000,0.869711371,0.9,0.170218,0,0,30.552,31,2.64088437275665,"diag","growth"
"509","stan",19639,134,1000,0.944979874465936,0.9,0.120004594190025,0,0,42.392,31,26.0348256792349,"diag","growth"
"510","tmbstan",19639,134,1000,0.914437467302691,0.9,0.147300513297314,0,0,31.352,31,3.33934832673192,"diag","growth"
"511","tmb",19639,134,1000,0.898061729980936,0.9,0.142180817560185,0,0,31.32,31,3.18555297362134,"diag","growth"
"512","admb",19639,134,1000,0.887963099,0.9,0.166233,0,0,30.824,31,1.66967416336596,"diag","growth"
"513","stan",68716,134,1000,0.924175036111786,0.9,0.136265256206853,0,0,33.848,31,9.76771745620768,"diag","growth"
"514","tmbstan",68716,134,1000,0.931324536283648,0.9,0.140124108118055,0,0,32.664,31,7.92653353830878,"diag","growth"
"515","tmb",68716,134,1000,0.906269429668742,0.9,0.155671462203135,0,0,30.904,31,1.75095683837434,"diag","growth"
"516","admb",68716,134,1000,0.880000462,0.9,0.163431,0,0,30.92,31,1.67702486934822,"diag","growth"
"517","stan",34163,134,1000,0.909505127997458,0.9,0.148676492019366,0,0,31.288,31,3.0236068193795,"diag","growth"
"518","tmbstan",34163,134,1000,0.941365493179149,0.9,0.121280452701473,0,0,39.64,31,20.2765267621833,"diag","growth"
"519","tmb",34163,134,1000,0.9114020623975,0.9,0.147652413440466,0,0,31.016,31,1.13182376058511,"diag","growth"
"520","admb",34163,134,1000,0.905366405,0.9,0.147613,0,0,31.032,31,1.01192885125388,"diag","growth"
"521","stan",52953,134,1000,0.917410374876531,0.9,0.122046680155524,0,0,40.92,31,22.591147822985,"diag","growth"
"522","tmbstan",52953,134,1000,0.953311640761838,0.9,0.114184797761425,0,0,42.296,31,15.3005388954275,"diag","growth"
"523","tmb",52953,134,1000,0.924054326968834,0.9,0.147281364108832,0,0,31.032,31,1.01192885125388,"diag","growth"
"524","admb",52953,134,1000,0.901464536,0.9,0.155572,0,0,30.984,31,0.505964425626941,"diag","growth"
"525","stan",75834,134,1000,0.909402342066559,0.9,0.146658507374602,0,0,31.272,31,3.06715233130398,"diag","growth"
"526","tmbstan",75834,134,1000,0.914711957512361,0.9,0.147090683206883,0,0,31.4,31,3.66352581830965,"diag","growth"
"527","tmb",75834,134,1000,0.932471275471906,0.9,0.135514472989884,0,0,31.768,31,4.9000189985536,"diag","growth"
"528","admb",75834,134,1000,0.910791052,0.9,0.15456,0,0,31.128,31,2.37091485238024,"diag","growth"
"529","stan",23712,134,1000,0.935466267874338,0.9,0.131162359873254,0,0,34.424,31,11.253571293899,"diag","growth"
"530","tmbstan",23712,134,1000,0.923734525784853,0.9,0.144748334397815,0,0,31.896,31,5.28176874551329,"diag","growth"
"531","tmb",23712,134,1000,0.920426293135959,0.9,0.139467364535045,0,0,31.448,31,3.76157486240078,"diag","growth"
"532","admb",23712,134,1000,0.911435699,0.9,0.14627,0,0,31.192,31,2.47249858427649,"diag","growth"
"533","stan",80542,134,1000,0.918589474807194,0.9,0.136505432141385,0,0,32.6,31,7.67716998241793,"diag","growth"
"534","tmbstan",80542,134,1000,0.973293239220077,0.9,0.06899323036636,0,0,66.456,63,16.082621512512,"diag","growth"
"535","tmb",80542,134,1000,0.948470991903159,0.9,0.118648080796573,0,0,36.504,31,13.8232074810829,"diag","growth"
"536","admb",80542,134,1000,0.909618674,0.9,0.144678,0,0,31.384,31,3.48607181462125,"diag","growth"
"537","stan",38632,134,1000,0.939287360372357,0.9,0.12220732665081,0,0,39.224,31,19.7606758059614,"diag","growth"
"538","tmbstan",38632,134,1000,0.911726932280768,0.9,0.134089782611576,0,0,34.776,31,11.7231077473192,"diag","growth"
"539","tmb",38632,134,1000,0.908590914089752,0.9,0.147138020266026,0,0,31,31,0,"diag","growth"
"540","admb",38632,134,1000,0.899988133,0.9,0.156863,0,0,30.856,31,1.51180340968975,"diag","growth"
"541","stan",47339,134,1000,0.930534866526651,0.9,0.139754480091297,0,0,32.536,31,7.1372013873537,"diag","growth"
"542","tmbstan",47339,134,1000,0.915908903696622,0.9,0.148856638644683,0,0,31.224,31,2.66926000025268,"diag","growth"
"543","tmb",47339,134,1000,0.916095314766512,0.9,0.151434325982361,0,0,31,31,0,"diag","growth"
"544","admb",47339,134,1000,0.911986386,0.9,0.153739,0,0,30.968,31,0.71518353412777,"diag","growth"
"545","stan",54263,134,1000,0.947864835699663,0.9,0.103387365763994,0,0,49.048,63,15.8763268344335,"diag","growth"
"546","tmbstan",54263,134,1000,0.952615170587376,0.9,0.100673630199082,0,0,50.232,63,15.6780093116434,"diag","growth"
"547","tmb",54263,134,1000,0.840088701046997,0.9,0.148253777641366,0,0,31.032,31,1.01192885125388,"diag","growth"
"548","admb",54263,134,1000,0.940455386,0.9,0.120681,0,0,34.776,31,11.3679837726421,"diag","growth"
"549","stan",15202,134,1000,0.91939859454267,0.9,0.127064611829917,0,0,37.368,31,16.1799371558225,"diag","growth"
"550","tmbstan",15202,134,1000,0.943151113730253,0.9,0.127255268653273,0,0,38.52,31,18.0479175343674,"diag","growth"
"551","tmb",15202,134,1000,0.923825168662444,0.9,0.128678270390448,0,0,33.72,31,9.48533455243259,"diag","growth"
"552","admb",15202,134,1000,0.895264443,0.9,0.160823,0,0,30.936,31,1.01040829614811,"diag","growth"
"553","stan",26482,134,1000,0.970305607407602,0.9,0.0655231395255568,0,0,70.104,63,23.4988804282541,"diag","growth"
"554","tmbstan",26482,134,1000,0.925946105291067,0.9,0.134534508070111,0,0,36.024,31,13.9683405792721,"diag","growth"
"555","tmb",26482,134,1000,0.902850481109899,0.9,0.151793548458677,0,0,31,31,0,"diag","growth"
"556","admb",26482,134,1000,0.9450310276,0.9,0.0957077,0,0,54.2,63,14.2956064706736,"diag","growth"
"557","stan",32386,134,1000,0.930757173824262,0.9,0.117535649970228,0,0,40.984,31,16.5326668469752,"diag","growth"
"558","tmbstan",32386,134,1000,0.924404357344819,0.9,0.125801879412757,0,0,38.264,31,18.7634317322384,"diag","growth"
"559","tmb",32386,134,1000,0.90989192830833,0.9,0.148532868674553,0,0,31.016,31,1.13182376058511,"diag","growth"
"560","admb",32386,134,1000,0.89860674,0.9,0.159063,0,0,30.936,31,1.01040829614811,"diag","growth"
"561","stan",3049,134,1000,0.937230127659595,0.9,0.125077059667102,0,0,39.928,31,20.4792141991389,"diag","growth"
"562","tmbstan",3049,134,1000,0.923321494028,0.9,0.145985406665363,0,0,31.672,31,4.8086941615723,"diag","growth"
"563","tmb",3049,134,1000,0.857953306334707,0.9,0.15027525760742,0,0,31.08,31,2.62916574458753,"diag","growth"
"564","admb",3049,134,1000,0.916169848,0.9,0.144129,0,0,31.128,31,2.47664081968899,"diag","growth"
"565","stan",39615,134,1000,0.924012038123924,0.9,0.146757948848924,0,0,31.448,31,3.76157486240078,"diag","growth"
"566","tmbstan",39615,134,1000,0.927620162476814,0.9,0.133784405705483,0,0,35,31,12.8613146067349,"diag","growth"
"567","tmb",39615,134,1000,0.91970705125974,0.9,0.147088139580141,0,0,31.096,31,1.75095683837434,"diag","growth"
"568","admb",39615,134,1000,0.901341461,0.9,0.159405,0,0,31.016,31,1.13182376058511,"diag","growth"
"569","stan",44179,134,1000,0.932646804720816,0.9,0.121803884792959,0,0,40.696,31,21.8833833413955,"diag","growth"
"570","tmbstan",44179,134,1000,0.948148697524155,0.9,0.115684531168486,0,0,40.984,31,16.2827784137988,"diag","growth"
"571","tmb",44179,134,1000,0.914998399836124,0.9,0.147448385585637,0,0,31.016,31,1.13182376058511,"diag","growth"
"572","admb",44179,134,1000,0.916285394,0.9,0.146055,0,0,31.208,31,2.71811039586771,"diag","growth"
"573","stan",74237,134,1000,0.932514772094877,0.9,0.139275792688953,0,0,33.24,31,8.65617290315584,"diag","growth"
"574","tmbstan",74237,134,1000,0.930711181745126,0.9,0.124419955480649,0,0,37.912,31,18.3176360863456,"diag","growth"
"575","tmb",74237,134,1000,0.908063821978339,0.9,0.154420908992029,0,0,30.968,31,0.71518353412777,"diag","growth"
"576","admb",74237,134,1000,0.932049149,0.9,0.128938,0,0,33.336,31,9.26093239738143,"diag","growth"
"577","stan",38655,134,1000,0.946650533911096,0.9,0.0995260858811027,0,0,51.384,63,15.3953746807787,"diag","growth"
"578","tmbstan",38655,134,1000,0.951542188549365,0.9,0.111894455400158,0,0,42.328,31,15.3103501861591,"diag","growth"
"579","tmb",38655,134,1000,0.909948138655671,0.9,0.145953714247624,0,0,31.288,31,3.0236068193795,"diag","growth"
"580","admb",38655,134,1000,0.896013745374295,0.9,0.131892,0,0,33.56,31,9.03282857094011,"diag","growth"
"581","stan",48317,134,1000,0.929091343858258,0.9,0.139410030698128,0,0,32.312,31,6.66356203985969,"diag","growth"
"582","tmbstan",48317,134,1000,0.929387583253161,0.9,0.135595763782111,0,0,34.2,31,10.8098498071367,"diag","growth"
"583","tmb",48317,134,1000,0.907943911340119,0.9,0.149910417424699,0,0,31.048,31,1.95998406563358,"diag","growth"
"584","admb",48317,134,1000,0.922520515,0.9,0.144223,0,0,31.192,31,2.47249858427649,"diag","growth"
"585","stan",2154,134,1000,0.929462260279518,0.9,0.139740530123466,0,0,32.664,31,7.92653353830878,"diag","growth"
"586","tmbstan",2154,134,1000,0.934905675425235,0.9,0.13355860857924,0,0,34.712,31,11.8305121198119,"diag","growth"
"587","tmb",2154,134,1000,0.914045061546459,0.9,0.144448642759015,0,0,31.192,31,2.47249858427649,"diag","growth"
"588","admb",2154,134,1000,0.87172814,0.9,0.167696,0,0,30.68,31,2.24112084070061,"diag","growth"
"589","stan",53332,134,1000,0.935054075054916,0.9,0.13403424044758,0,0,35.512,31,13.2439139704718,"diag","growth"
"590","tmbstan",53332,134,1000,0.953137451417795,0.9,0.106573687837506,0,0,44.664,31,15.8364736572855,"diag","growth"
"591","tmb",53332,134,1000,0.91760553106133,0.9,0.142890848192646,0,0,31.192,31,2.47249858427649,"diag","growth"
"592","admb",53332,134,1000,0.907981702,0.9,0.153298,0,0,31.096,31,1.75095683837434,"diag","growth"
"593","stan",53822,134,1000,0.935559228257852,0.9,0.125991255203578,0,0,37.432,31,16.6544512592504,"diag","growth"
"594","tmbstan",53822,134,1000,0.905204113839973,0.9,0.152476787400451,0,0,31.16,31,2.25820714273503,"diag","growth"
"595","tmb",53822,134,1000,0.875916562153968,0.9,0.156504201720028,0,0,30.968,31,0.71518353412777,"diag","growth"
"596","admb",53822,134,1000,0.953206328,0.9,0.115277,0,0,37.512,31,13.233025692145,"diag","growth"
"597","stan",80057,134,1000,0.937477060670053,0.9,0.131333647179665,0,0,35.224,31,12.7492889357944,"diag","growth"
"598","tmbstan",80057,134,1000,0.945029953512437,0.9,0.114304135918949,0,0,40.632,31,16.400168948567,"diag","growth"
"599","tmb",80057,134,1000,0.882929976475889,0.9,0.154295576752194,0,0,30.968,31,1.43144158980554,"diag","growth"
"600","admb",80057,134,1000,0.901495568,0.9,0.155642,0,0,31.08,31,1.8234376668603,"diag","growth"
"601","stan",59189,262,1000,0.943027025362452,0.9,0.117220868858055,0,0,36.632,31,13.0059113379159,"diag","growth"
"602","tmbstan",59189,262,1000,0.955206071654148,0.9,0.095522828232515,0,0,55.8,63,14.331412679474,"diag","growth"
"603","tmb",59189,262,1000,0.894708457174088,0.9,0.13561143866524,0,0,31.672,31,5.95179299369861,"diag","growth"
"604","admb",59189,262,1000,0.901136424,0.9,0.134933,0,0,31.64,31,4.70537358140037,"diag","growth"
"605","stan",33032,262,1000,0.952384606102936,0.9,0.106976073669553,0,0,38.104,31,13.3055710971842,"diag","growth"
"606","tmbstan",33032,262,1000,0.950001493948671,0.9,0.0917323347415983,0,0,60.344,63,8.83264850878148,"diag","growth"
"607","tmb",33032,262,1000,0.892040778877413,0.9,0.125661710558864,0,0,33.464,31,9.7672976868786,"diag","growth"
"608","admb",33032,262,1000,0.962245731,0.9,0.0974033,0,0,50.296,63,15.6646661555798,"diag","growth"
"609","stan",19139,262,1000,0.93685013384496,0.9,0.11750049739284,0,0,37.88,31,13.9103953609917,"diag","growth"
"610","tmbstan",19139,262,1000,0.930778768860953,0.9,0.0998242166043472,0,0,48.728,63,15.9786524254498,"diag","growth"
"611","tmb",19139,262,1000,0.891924589470129,0.9,0.141266905927182,0,0,31.192,31,2.47249858427649,"diag","growth"
"612","admb",19139,262,1000,0.906507287,0.9,0.138878,0,0,31.64,31,4.48224168140123,"diag","growth"
"613","stan",78362,262,1000,0.955910056000921,0.9,0.0873616647081539,0,0,62.552,63,3.76157486240078,"diag","growth"
"614","tmbstan",78362,262,1000,0.936256487656467,0.9,0.116166360044869,0,0,37.784,31,13.0857395885972,"diag","growth"
"615","tmb",78362,262,1000,0.924526933528515,0.9,0.130881109713914,0,0,32.504,31,8.02261468265467,"diag","growth"
"616","admb",78362,262,1000,0.909482509,0.9,0.145982,0,0,31,31,0,"diag","growth"
"617","stan",61413,262,1000,0.929333589946801,0.9,0.126823846663841,0,0,37.88,31,32.6935845460615,"diag","growth"
"618","tmbstan",61413,262,1000,0.920236594075074,0.9,0.133571090685285,0,0,35.16,31,13.7743287361719,"diag","growth"
"619","tmb",61413,262,1000,0.979982386028644,0.9,0.0723357403104784,0,0,63.096,63,3.03578655376164,"diag","growth"
"620","admb",61413,262,1000,0.863186810445452,0.9,0.130835,0,0,33.4,31,12.9407674990112,"diag","growth"
"621","stan",72018,262,1000,0.911852656894078,0.9,0.130922867469094,0,0,35.512,31,14.9867427567987,"diag","growth"
"622","tmbstan",72018,262,1000,0.915174580691164,0.9,0.135741592783486,0,0,33.176,31,9.35481354899907,"diag","growth"
"623","tmb",72018,262,1000,0.886864322291478,0.9,0.15585034404193,0,0,31,31,0,"diag","growth"
"624","admb",72018,262,1000,0.894846693,0.9,0.147523,0,0,31,31,0,"diag","growth"
"625","stan",66788,262,1000,0.910623908764837,0.9,0.123923269566415,0,0,40.76,31,35.6223996293814,"diag","growth"
"626","tmbstan",66788,262,1000,0.926189227326149,0.9,0.131211179714173,0,0,33.976,31,11.4700909755323,"diag","growth"
"627","tmb",66788,262,1000,0.906736075710111,0.9,0.148277270791901,0,0,31,31,0,"diag","growth"
"628","admb",66788,262,1000,0.9345647122,0.9,0.105649,0,0,40.6,31,14.671579848648,"diag","growth"
"629","stan",19639,262,1000,0.952176664665291,0.9,0.0955783093844647,0,0,57.976,63,11.7351240784722,"diag","growth"
"630","tmbstan",19639,262,1000,0.92926283397257,0.9,0.113167562186169,0,0,39.992,31,14.3907967476103,"diag","growth"
"631","tmb",19639,262,1000,0.91134910794828,0.9,0.146772270823854,0,0,31,31,0,"diag","growth"
"632","admb",19639,262,1000,0.93430493,0.9,0.129003,0,0,32.44,31,7.36890091538085,"diag","growth"
"633","stan",68716,262,1000,0.931638518380481,0.9,0.126269313347094,0,0,38.424,31,24.7203422168731,"diag","growth"
"634","tmbstan",68716,262,1000,0.919382039606712,0.9,0.143949107055481,0,0,31.64,31,4.70537358140037,"diag","growth"
"635","tmb",68716,262,1000,0.877213211862818,0.9,0.139311327420827,0,0,31.448,31,3.76157486240078,"diag","growth"
"636","admb",68716,262,1000,0.886488049000701,0.9,0.142552,0,0,31.128,31,2.02081659229622,"diag","growth"
"637","stan",34163,262,1000,0.896992615729903,0.9,0.144255283796964,0,0,31.448,31,3.76157486240078,"diag","growth"
"638","tmbstan",34163,262,1000,0.900346766167558,0.9,0.123793726406634,0,0,41.016,31,30.7925303267517,"diag","growth"
"639","tmb",34163,262,1000,0.914842819058421,0.9,0.130383493977248,0,0,31.992,31,5.90684575952571,"diag","growth"
"640","admb",34163,262,1000,0.937934371,0.9,0.115358,0,0,35.8,31,11.4320029168423,"diag","growth"
"641","stan",52953,262,1000,0.927226068030854,0.9,0.127385301257483,0,0,38.168,31,39.8058825336694,"diag","growth"
"642","tmbstan",52953,262,1000,0.936035098440722,0.9,0.115349203767368,0,0,38.104,31,13.3055710971842,"diag","growth"
"643","tmb",52953,262,1000,0.932278316025626,0.9,0.13129767705729,0,0,31.832,31,5.29223806945453,"diag","growth"
"644","admb",52953,262,1000,0.853942598020525,0.9,0.135502,0,0,32.024,31,7.22853205538135,"diag","growth"
"645","stan",75834,262,1000,0.923230852730972,0.9,0.129357911798751,0,0,36.408,31,19.7992309331839,"diag","growth"
"646","tmbstan",75834,262,1000,0.90818892036488,0.9,0.146405230068588,0,0,31.256,31,2.85212177134824,"diag","growth"
"647","tmb",75834,262,1000,0.7409405549162,0.9,0.119375310623468,0,12,33.283,31,9.02997516339062,"diag","growth"
"648","admb",75834,262,1000,0.922966979,0.9,0.130714,0,0,33.304,31,10.8484687063785,"diag","growth"
"649","stan",23712,262,1000,0.948036017591905,0.9,0.113196810739103,0,0,37.72,31,13.0403854103953,"diag","growth"
"650","tmbstan",23712,262,1000,0.928718423921134,0.9,0.138269037641689,0,0,32.216,31,6.28656224536629,"diag","growth"
"651","tmb",23712,262,1000,0.919591763332574,0.9,0.134773494210969,0,0,31.672,31,5.01732892977823,"diag","growth"
"652","admb",23712,262,1000,0.707832456309949,0.9,0.147952,0,30,30.572,31,4.5161057573103,"diag","growth"
"653","stan",80542,262,1000,0.91463685353457,0.9,0.141621024340413,0,0,31.288,31,3.0236068193795,"diag","growth"
"654","tmbstan",80542,262,1000,0.940914022179701,0.9,0.116323130926119,0,0,36.088,31,13.1116807531366,"diag","growth"
"655","tmb",80542,262,1000,0.259127480770892,0.9,0.132935855006524,0,304,23.864,31,12.9396653333438,"diag","growth"
"656","admb",80542,262,1000,0.857282364621249,0.9,0.128403,0,0,32.07,31,7.6570052716274,"diag","growth"
"657","stan",38632,262,1000,0.929516587359553,0.9,0.132407589549034,0,0,34.712,31,12.3394212715717,"diag","growth"
"658","tmbstan",38632,262,1000,0.960635832664983,0.9,0.0676194015687293,0,0,64.6,63,10.3990451552121,"diag","growth"
"659","tmb",38632,262,1000,0.960250103289963,0.9,0.0967804712622162,0,0,51.832,63,15.2605589891282,"diag","growth"
"660","admb",38632,262,1000,0.91044262,0.9,0.146019,0,0,31.064,31,1.43036706825554,"diag","growth"
"661","stan",47339,262,1000,0.891779787168195,0.9,0.167069216705046,0,0,31,31,0,"diag","growth"
"662","tmbstan",47339,262,1000,0.908453509313432,0.9,0.139049473324548,0,0,32.76,31,8.09789947924621,"diag","growth"
"663","tmb",47339,262,1000,0.90555779784018,0.9,0.151709762423816,0,0,31,31,0,"diag","growth"
"664","admb",47339,262,1000,0.890710112,0.9,0.1522,0,0,31,31,0,"diag","growth"
"665","stan",54263,262,1000,0.920463793295048,0.9,0.12597254025659,0,0,38.68,31,22.6024881920658,"diag","growth"
"666","tmbstan",54263,262,1000,0.906576305807415,0.9,0.145905008787484,0,0,31.32,31,3.18555297362134,"diag","growth"
"667","tmb",54263,262,1000,0.901004827752207,0.9,0.148513791129596,0,0,31.032,31,1.01192885125388,"diag","growth"
"668","admb",54263,262,1000,0.89425664096,0.9,0.139599,0,0,31.032,31,1.01192885125388,"diag","growth"
"669","stan",15202,262,1000,0.944154148650154,0.9,0.111287032183867,0,0,37.912,31,13.175046027921,"diag","growth"
"670","tmbstan",15202,262,1000,0.945630586825739,0.9,0.102433803357064,0,0,44.152,31,15.7523659503274,"diag","growth"
"671","tmb",15202,262,1000,0.887351095099304,0.9,0.147077720396789,0,0,31,31,0,"diag","growth"
"672","admb",15202,262,1000,0.822735806517983,0.9,0.139469,0,2,31.104,31,2.09417515255281,"diag","growth"
"673","stan",26482,262,1000,0.935042785499698,0.9,0.129329662426238,0,0,35.96,31,22.5246922678593,"diag","growth"
"674","tmbstan",26482,262,1000,0.953975080849443,0.9,0.102621427087748,0,0,45.656,31,15.9514297826907,"diag","growth"
"675","tmb",26482,262,1000,0.878379125007988,0.9,0.142422373802825,0,0,31.096,31,1.75095683837434,"diag","growth"
"676","admb",26482,262,1000,0.941014388,0.9,0.10758,0,0,38.008,31,13.2408177713937,"diag","growth"
"677","stan",32386,262,1000,0.956874612256994,0.9,0.0880747796654969,0,0,62.392,63,4.37097717237707,"diag","growth"
"678","tmbstan",32386,262,1000,0.916171819726376,0.9,0.135347390945667,0,0,34.264,31,12.5474995016435,"diag","growth"
"679","tmb",32386,262,1000,0.738607651333434,0.9,0.143152254959903,0,2,31.191,31,3.09355605882439,"diag","growth"
"680","admb",32386,262,1000,0.945835802,0.9,0.115934,0,0,36.568,31,12.1375737565914,"diag","growth"
"681","stan",3049,262,1000,0.917066718008234,0.9,0.138303749156859,0,0,31.832,31,5.09487327945786,"diag","growth"
"682","tmbstan",3049,262,1000,0.928757861491526,0.9,0.121866173083493,0,0,40.152,31,27.8042797780121,"diag","growth"
"683","tmb",3049,262,1000,0.400664187398185,0.9,0.147710757384192,0,131,28.665,31,10.0736415090698,"diag","growth"
"684","admb",3049,262,1000,0.889811407,0.9,0.153561,0,0,31,31,0,"diag","growth"
"685","stan",39615,262,1000,0.958281031743206,0.9,0.0975464247221771,0,0,54.168,63,15.2815346513791,"diag","growth"
"686","tmbstan",39615,262,1000,0.917265270786948,0.9,0.128859444842648,0,0,37.368,31,23.8169650422514,"diag","growth"
"687","tmb",39615,262,1000,0.832456701170635,0.9,0.143143575435919,0,0,31.032,31,1.01192885125388,"diag","growth"
"688","admb",39615,262,1000,0.892905997,0.9,0.143167,0,0,31.128,31,2.02081659229622,"diag","growth"
"689","stan",44179,262,1000,0.938296313782356,0.9,0.119410276610263,0,0,37.752,31,16.6507580531261,"diag","growth"
"690","tmbstan",44179,262,1000,0.931336397349963,0.9,0.118925064693637,0,0,39.352,31,18.1922800950033,"diag","growth"
"691","tmb",44179,262,1000,0.887862949970351,0.9,0.137748645571841,0,0,31.128,31,2.47664081968899,"diag","growth"
"692","admb",44179,262,1000,0.879319692834399,0.9,0.149893,0,0,31.032,31,1.01192885125388,"diag","growth"
"693","stan",74237,262,1000,0.93345837726734,0.9,0.102936753512086,0,0,46.328,31,15.9938807117041,"diag","growth"
"694","tmbstan",74237,262,1000,0.939990352076693,0.9,0.114222876635374,0,0,37.688,31,13.2516513032249,"diag","growth"
"695","tmb",74237,262,1000,0.90330164846433,0.9,0.147831086413673,0,0,31,31,0,"diag","growth"
"696","admb",74237,262,1000,0.896944771,0.9,0.153257,0,0,31,31,0,"diag","growth"
"697","stan",38655,262,1000,0.903211613747674,0.9,0.107518471802547,0,0,42.104,31,15.2401261623861,"diag","growth"
"698","tmbstan",38655,262,1000,0.920089575442519,0.9,0.136309080235897,0,0,33.208,31,9.61754819240503,"diag","growth"
"699","tmb",38655,262,1000,0.907245819373072,0.9,0.14343715476513,0,0,31.032,31,1.01192885125388,"diag","growth"
"700","admb",38655,262,1000,0.88856465,0.9,0.155941,0,0,31,31,0,"diag","growth"
"701","stan",48317,262,1000,0.896940508824233,0.9,0.142538876186844,0,0,31.768,31,4.9000189985536,"diag","growth"
"702","tmbstan",48317,262,1000,0.960083054160409,0.9,0.0979024186033719,0,0,54.744,63,14.0810773998562,"diag","growth"
"703","tmb",48317,262,1000,0.87150950519937,0.9,0.145046952803644,0,0,31,31,0,"diag","growth"
"704","admb",48317,262,1000,0.923605857,0.9,0.135545,0,0,32.472,31,7.00587598365103,"diag","growth"
"705","stan",2154,262,1000,0.928594172406353,0.9,0.127735024863522,0,0,37.976,31,21.1032881981167,"diag","growth"
"706","tmbstan",2154,262,1000,0.934685287570046,0.9,0.124596982853282,0,0,40.568,31,32.2965081772076,"diag","growth"
"707","tmb",2154,262,1000,0.905940483861709,0.9,0.153989307214824,0,0,31,31,0,"diag","growth"
"708","admb",2154,262,1000,0.893086674,0.9,0.150674,0,0,31,31,0,"diag","growth"
"709","stan",53332,262,1000,0.918737261353506,0.9,0.133288329298918,0,0,34.584,31,13.4869136884923,"diag","growth"
"710","tmbstan",53332,262,1000,0.917369047411575,0.9,0.133813263762398,0,0,34.744,31,12.2881024353421,"diag","growth"
"711","tmb",53332,262,1000,0.859291667704655,0.9,0.12662616193909,0,0,33.272,31,9.91767998961332,"diag","growth"
"712","admb",53332,262,1000,0.905408314,0.9,0.139957,0,0,31.128,31,2.02081659229622,"diag","growth"
"713","stan",53822,262,1000,0.925964328560792,0.9,0.114450028592642,0,0,37.592,31,12.9482505842756,"diag","growth"
"714","tmbstan",53822,262,1000,0.937334292281753,0.9,0.121119811071677,0,0,38.52,31,27.0108716480455,"diag","growth"
"715","tmb",53822,262,1000,0.911258419822229,0.9,0.134025618851692,0,0,32.184,31,6.53244340326166,"diag","growth"
"716","admb",53822,262,1000,0.926036645,0.9,0.118309,0,0,35.128,31,10.7317653154915,"diag","growth"
"717","stan",80057,262,1000,0.923919011638252,0.9,0.137101043944972,0,0,32.184,31,6.21069373876355,"diag","growth"
"718","tmbstan",80057,262,1000,0.924284275553658,0.9,0.128368447906795,0,0,37.144,31,22.7547146991792,"diag","growth"
"719","tmb",80057,262,1000,0.945539228142763,0.9,0.113267457876689,0,0,35.8,31,11.4320029168423,"diag","growth"
"720","admb",80057,262,1000,0.891959451184044,0.9,0.130618,0,0,32.92,31,10.1445804502952,"diag","growth"
